id,employee_id,skill_id,proficiency_level,years_experience,is_primary,last_assessed_at,source,validated_by,validated_at,last_used_at,confidence_score
employee-skill-emp-demo-youssef-1,emp-demo-youssef,skill-react,beginner,7.5,true,2026-03-09T10:54:07.656406+00:00,import_seed,Pulse RH,2026-03-22T10:54:07.656654+00:00,2026-06-03T10:54:07.656656+00:00,68.4
employee-skill-emp-demo-youssef-2,emp-demo-youssef,skill-python,expert,2.2,false,2025-12-10T10:54:07.656662+00:00,import_seed,Pulse RH,2026-05-08T10:54:07.656664+00:00,2026-05-31T10:54:07.656666+00:00,89.9
employee-skill-emp-demo-youssef-3,emp-demo-youssef,skill-security,beginner,2.1,false,2026-02-22T10:54:07.656668+00:00,import_seed,Pulse RH,2026-04-12T10:54:07.656670+00:00,2026-05-15T10:54:07.656671+00:00,72.4
employee-skill-emp-demo-fatima-1,emp-demo-fatima,skill-management,intermediate,6.9,true,2026-02-18T10:54:07.656675+00:00,import_seed,Pulse RH,2026-05-09T10:54:07.656677+00:00,2026-05-14T10:54:07.656678+00:00,76.4
employee-skill-emp-demo-fatima-2,emp-demo-fatima,skill-communication,expert,3.8,false,2026-05-27T10:54:07.656680+00:00,import_seed,Pulse RH,2026-06-06T10:54:07.656681+00:00,2026-05-11T10:54:07.656682+00:00,68.0
employee-skill-emp-demo-fatima-3,emp-demo-fatima,skill-security,advanced,4.5,false,2026-01-30T10:54:07.656684+00:00,import_seed,Pulse RH,2026-05-03T10:54:07.656685+00:00,2026-05-05T10:54:07.656686+00:00,67.9
employee-skill-emp-demo-karim-1,emp-demo-karim,skill-onboarding,advanced,2.2,true,2026-01-21T10:54:07.656690+00:00,import_seed,Pulse RH,2026-05-02T10:54:07.656691+00:00,2026-05-08T10:54:07.656692+00:00,87.6
employee-skill-emp-demo-karim-2,emp-demo-karim,skill-payroll,beginner,7.8,false,2026-01-07T10:54:07.656694+00:00,import_seed,Pulse RH,2026-05-20T10:54:07.656695+00:00,2026-05-21T10:54:07.656696+00:00,70.6
employee-skill-emp-demo-karim-3,emp-demo-karim,skill-security,beginner,7.3,false,2026-05-23T10:54:07.656698+00:00,import_seed,Pulse RH,2026-05-22T10:54:07.656699+00:00,2026-06-12T10:54:07.656700+00:00,93.4
employee-skill-emp-demo-sara-1,emp-demo-sara,skill-management,expert,1.0,true,2026-02-15T10:54:07.656710+00:00,import_seed,Pulse RH,2026-04-23T10:54:07.656712+00:00,2026-05-09T10:54:07.656713+00:00,94.4
employee-skill-emp-demo-sara-2,emp-demo-sara,skill-security,advanced,8.0,false,2025-12-31T10:54:07.656715+00:00,import_seed,Pulse RH,2026-05-25T10:54:07.656718+00:00,2026-06-09T10:54:07.656719+00:00,75.9
employee-skill-emp-demo-sara-3,emp-demo-sara,skill-data,expert,5.2,false,2026-02-09T10:54:07.656722+00:00,import_seed,Pulse RH,2026-06-04T10:54:07.656723+00:00,2026-06-01T10:54:07.656724+00:00,83.9
employee-skill-emp-demo-admin-1,emp-demo-admin,skill-python,expert,7.7,true,2026-03-05T10:54:07.656728+00:00,import_seed,Pulse RH,2026-06-07T10:54:07.656729+00:00,2026-06-15T10:54:07.656730+00:00,89.3
employee-skill-emp-demo-admin-2,emp-demo-admin,skill-payroll,advanced,7.5,false,2026-05-09T10:54:07.656733+00:00,import_seed,Pulse RH,2026-05-04T10:54:07.656734+00:00,2026-05-24T10:54:07.656735+00:00,81.0
employee-skill-emp-demo-admin-3,emp-demo-admin,skill-react,advanced,0.9,false,2026-03-26T10:54:07.656737+00:00,import_seed,Pulse RH,2026-05-08T10:54:07.656738+00:00,2026-06-15T10:54:07.656739+00:00,96.1
employee-skill-emp-1-1,emp-1,skill-react,expert,0.7,true,2026-03-03T10:54:07.656741+00:00,import_seed,Pulse RH,2026-04-27T10:54:07.656743+00:00,2026-05-23T10:54:07.656744+00:00,92.1
employee-skill-emp-1-2,emp-1,skill-python,beginner,4.2,false,2026-05-02T10:54:07.656746+00:00,import_seed,Pulse RH,2026-05-15T10:54:07.656747+00:00,2026-05-05T10:54:07.656748+00:00,79.7
employee-skill-emp-1-3,emp-1,skill-security,beginner,1.5,false,2026-01-20T10:54:07.656750+00:00,import_seed,Pulse RH,2026-06-06T10:54:07.656751+00:00,2026-05-06T10:54:07.656752+00:00,92.3
employee-skill-emp-2-1,emp-2,skill-management,expert,2.2,true,2025-12-12T10:54:07.656756+00:00,import_seed,Pulse RH,2026-05-12T10:54:07.656757+00:00,2026-06-11T10:54:07.656758+00:00,65.8
employee-skill-emp-2-2,emp-2,skill-python,intermediate,1.3,false,2026-02-11T10:54:07.656760+00:00,import_seed,Pulse RH,2026-04-23T10:54:07.656761+00:00,2026-05-12T10:54:07.656762+00:00,88.1
employee-skill-emp-2-3,emp-2,skill-security,beginner,5.2,false,2026-04-01T10:54:07.656764+00:00,import_seed,Pulse RH,2026-05-21T10:54:07.656765+00:00,2026-05-16T10:54:07.656766+00:00,65.7
employee-skill-emp-3-1,emp-3,skill-data,expert,4.2,true,2026-05-07T10:54:07.656769+00:00,import_seed,Pulse RH,2026-06-03T10:54:07.656770+00:00,2026-05-05T10:54:07.656771+00:00,92.9
employee-skill-emp-3-2,emp-3,skill-communication,expert,1.4,false,2025-12-26T10:54:07.656773+00:00,import_seed,Pulse RH,2026-05-12T10:54:07.656774+00:00,2026-05-10T10:54:07.656775+00:00,86.6
employee-skill-emp-3-3,emp-3,skill-python,advanced,3.3,false,2026-04-14T10:54:07.656777+00:00,import_seed,Pulse RH,2026-05-25T10:54:07.656778+00:00,2026-06-16T10:54:07.656779+00:00,89.4
employee-skill-emp-4-1,emp-4,skill-onboarding,advanced,6.6,true,2026-04-22T10:54:07.656782+00:00,import_seed,Pulse RH,2026-06-12T10:54:07.656784+00:00,2026-05-23T10:54:07.656785+00:00,87.3
employee-skill-emp-4-2,emp-4,skill-data,expert,3.0,false,2026-01-02T10:54:07.656787+00:00,import_seed,Pulse RH,2026-05-30T10:54:07.656788+00:00,2026-06-03T10:54:07.656789+00:00,97.2
employee-skill-emp-4-3,emp-4,skill-react,beginner,1.8,false,2026-03-14T10:54:07.656791+00:00,import_seed,Pulse RH,2026-03-22T10:54:07.656792+00:00,2026-05-11T10:54:07.656793+00:00,81.6
employee-skill-emp-5-1,emp-5,skill-management,advanced,5.9,true,2026-04-12T10:54:07.656796+00:00,import_seed,Pulse RH,2026-03-19T10:54:07.656797+00:00,2026-06-03T10:54:07.656798+00:00,89.0
employee-skill-emp-5-2,emp-5,skill-communication,advanced,3.1,false,2026-02-23T10:54:07.656800+00:00,import_seed,Pulse RH,2026-06-05T10:54:07.656801+00:00,2026-05-23T10:54:07.656802+00:00,89.0
employee-skill-emp-5-3,emp-5,skill-data,advanced,7.9,false,2026-03-10T10:54:07.656805+00:00,import_seed,Pulse RH,2026-04-12T10:54:07.656807+00:00,2026-05-07T10:54:07.656808+00:00,80.0
employee-skill-emp-6-1,emp-6,skill-react,advanced,2.6,true,2025-12-07T10:54:07.656811+00:00,import_seed,Pulse RH,2026-06-06T10:54:07.656812+00:00,2026-05-18T10:54:07.656813+00:00,79.3
employee-skill-emp-6-2,emp-6,skill-communication,intermediate,5.1,false,2025-12-24T10:54:07.656815+00:00,import_seed,Pulse RH,2026-06-11T10:54:07.656816+00:00,2026-05-24T10:54:07.656817+00:00,93.6
employee-skill-emp-6-3,emp-6,skill-management,beginner,2.0,false,2026-04-28T10:54:07.656819+00:00,import_seed,Pulse RH,2026-05-03T10:54:07.656820+00:00,2026-06-04T10:54:07.656821+00:00,79.8
employee-skill-emp-7-1,emp-7,skill-onboarding,beginner,0.8,true,2026-04-18T10:54:07.656824+00:00,import_seed,Pulse RH,2026-05-29T10:54:07.656825+00:00,2026-05-12T10:54:07.656826+00:00,71.0
employee-skill-emp-7-2,emp-7,skill-payroll,expert,5.6,false,2026-04-12T10:54:07.656828+00:00,import_seed,Pulse RH,2026-05-31T10:54:07.656829+00:00,2026-05-31T10:54:07.656830+00:00,89.2
employee-skill-emp-7-3,emp-7,skill-security,intermediate,5.9,false,2026-02-05T10:54:07.656832+00:00,import_seed,Pulse RH,2026-06-06T10:54:07.656833+00:00,2026-05-31T10:54:07.656834+00:00,71.8
employee-skill-emp-8-1,emp-8,skill-react,advanced,6.1,true,2025-11-11T10:54:07.656837+00:00,import_seed,Pulse RH,2026-05-28T10:54:07.656838+00:00,2026-05-30T10:54:07.656839+00:00,84.6
employee-skill-emp-8-2,emp-8,skill-payroll,beginner,7.3,false,2026-01-01T10:54:07.656841+00:00,import_seed,Pulse RH,2026-06-01T10:54:07.656842+00:00,2026-06-11T10:54:07.656843+00:00,78.5
employee-skill-emp-8-3,emp-8,skill-onboarding,beginner,4.2,false,2025-12-28T10:54:07.656845+00:00,import_seed,Pulse RH,2026-03-28T10:54:07.656846+00:00,2026-06-10T10:54:07.656847+00:00,96.4
employee-skill-emp-9-1,emp-9,skill-management,advanced,4.0,true,2025-11-10T10:54:07.656849+00:00,import_seed,Pulse RH,2026-05-14T10:54:07.656851+00:00,2026-06-16T10:54:07.656852+00:00,92.3
employee-skill-emp-9-2,emp-9,skill-communication,expert,2.6,false,2025-12-11T10:54:07.656854+00:00,import_seed,Pulse RH,2026-03-20T10:54:07.656855+00:00,2026-06-14T10:54:07.656856+00:00,81.7
employee-skill-emp-9-3,emp-9,skill-security,expert,6.5,false,2026-04-21T10:54:07.656858+00:00,import_seed,Pulse RH,2026-05-12T10:54:07.656859+00:00,2026-05-19T10:54:07.656860+00:00,65.4
employee-skill-emp-10-1,emp-10,skill-onboarding,advanced,4.1,true,2025-12-01T10:54:07.656862+00:00,import_seed,Pulse RH,2026-05-19T10:54:07.656863+00:00,2026-05-25T10:54:07.656864+00:00,74.6
employee-skill-emp-10-2,emp-10,skill-payroll,beginner,0.8,false,2026-03-23T10:54:07.656866+00:00,import_seed,Pulse RH,2026-05-12T10:54:07.656867+00:00,2026-05-29T10:54:07.656868+00:00,79.4
employee-skill-emp-10-3,emp-10,skill-security,intermediate,1.1,false,2026-02-22T10:54:07.656870+00:00,import_seed,Pulse RH,2026-05-22T10:54:07.656871+00:00,2026-06-05T10:54:07.656872+00:00,81.2
employee-skill-emp-11-1,emp-11,skill-payroll,intermediate,6.5,true,2026-03-13T10:54:07.656875+00:00,import_seed,Pulse RH,2026-06-10T10:54:07.656876+00:00,2026-05-17T10:54:07.656878+00:00,91.5
employee-skill-emp-11-2,emp-11,skill-python,beginner,2.7,false,2026-01-27T10:54:07.656879+00:00,import_seed,Pulse RH,2026-03-22T10:54:07.656881+00:00,2026-06-09T10:54:07.656881+00:00,69.8
employee-skill-emp-11-3,emp-11,skill-communication,advanced,2.7,false,2026-01-12T10:54:07.656883+00:00,import_seed,Pulse RH,2026-05-08T10:54:07.656884+00:00,2026-05-22T10:54:07.656885+00:00,88.9
employee-skill-emp-12-1,emp-12,skill-react,expert,3.0,true,2025-11-22T10:54:07.656888+00:00,import_seed,Pulse RH,2026-05-19T10:54:07.656889+00:00,2026-06-12T10:54:07.656890+00:00,77.8
employee-skill-emp-12-2,emp-12,skill-communication,expert,4.5,false,2025-11-12T10:54:07.656892+00:00,import_seed,Pulse RH,2026-04-30T10:54:07.656893+00:00,2026-06-13T10:54:07.656894+00:00,91.7
employee-skill-emp-12-3,emp-12,skill-onboarding,beginner,1.1,false,2026-06-01T10:54:07.656896+00:00,import_seed,Pulse RH,2026-03-21T10:54:07.656897+00:00,2026-05-28T10:54:07.656898+00:00,68.9
employee-skill-emp-13-1,emp-13,skill-data,expert,5.7,true,2025-12-03T10:54:07.656901+00:00,import_seed,Pulse RH,2026-04-05T10:54:07.656902+00:00,2026-06-07T10:54:07.656904+00:00,79.7
employee-skill-emp-13-2,emp-13,skill-management,intermediate,7.7,false,2025-11-25T10:54:07.656905+00:00,import_seed,Pulse RH,2026-05-08T10:54:07.656907+00:00,2026-05-26T10:54:07.656908+00:00,97.4
employee-skill-emp-13-3,emp-13,skill-security,advanced,2.8,false,2026-03-12T10:54:07.656910+00:00,import_seed,Pulse RH,2026-04-24T10:54:07.656911+00:00,2026-06-11T10:54:07.656912+00:00,70.3
employee-skill-emp-14-1,emp-14,skill-onboarding,beginner,7.6,true,2026-05-09T10:54:07.656914+00:00,import_seed,Pulse RH,2026-05-30T10:54:07.656915+00:00,2026-06-03T10:54:07.656916+00:00,82.0
employee-skill-emp-14-2,emp-14,skill-payroll,expert,0.8,false,2026-02-01T10:54:07.656918+00:00,import_seed,Pulse RH,2026-04-15T10:54:07.656919+00:00,2026-06-03T10:54:07.656920+00:00,66.4
employee-skill-emp-14-3,emp-14,skill-security,expert,3.0,false,2026-02-27T10:54:07.656922+00:00,import_seed,Pulse RH,2026-06-03T10:54:07.656923+00:00,2026-06-10T10:54:07.656924+00:00,75.0
employee-skill-emp-15-1,emp-15,skill-management,expert,3.0,true,2025-11-18T10:54:07.656927+00:00,import_seed,Pulse RH,2026-03-26T10:54:07.656928+00:00,2026-05-19T10:54:07.656929+00:00,77.0
employee-skill-emp-15-2,emp-15,skill-onboarding,expert,1.1,false,2026-05-17T10:54:07.656931+00:00,import_seed,Pulse RH,2026-03-25T10:54:07.656933+00:00,2026-05-31T10:54:07.656934+00:00,87.7
employee-skill-emp-15-3,emp-15,skill-security,expert,4.7,false,2026-04-03T10:54:07.656938+00:00,import_seed,Pulse RH,2026-04-26T10:54:07.656940+00:00,2026-05-19T10:54:07.656941+00:00,96.5
employee-skill-emp-16-1,emp-16,skill-react,advanced,2.3,true,2025-11-29T10:54:07.656945+00:00,import_seed,Pulse RH,2026-05-01T10:54:07.656946+00:00,2026-05-14T10:54:07.656948+00:00,72.5
employee-skill-emp-16-2,emp-16,skill-python,expert,4.7,false,2026-04-26T10:54:07.656951+00:00,import_seed,Pulse RH,2026-04-11T10:54:07.656952+00:00,2026-05-04T10:54:07.656953+00:00,76.5
employee-skill-emp-16-3,emp-16,skill-security,advanced,2.0,false,2026-01-23T10:54:07.656956+00:00,import_seed,Pulse RH,2026-04-15T10:54:07.656957+00:00,2026-05-03T10:54:07.656959+00:00,69.6
employee-skill-emp-17-1,emp-17,skill-data,beginner,4.0,true,2026-03-24T10:54:07.656963+00:00,import_seed,Pulse RH,2026-03-21T10:54:07.656964+00:00,2026-05-06T10:54:07.656965+00:00,67.9
employee-skill-emp-17-2,emp-17,skill-onboarding,expert,4.5,false,2025-12-13T10:54:07.656967+00:00,import_seed,Pulse RH,2026-03-28T10:54:07.656969+00:00,2026-05-28T10:54:07.656970+00:00,72.7
employee-skill-emp-17-3,emp-17,skill-python,beginner,6.9,false,2026-05-13T10:54:07.656972+00:00,import_seed,Pulse RH,2026-04-28T10:54:07.656973+00:00,2026-06-05T10:54:07.656974+00:00,65.1
employee-skill-emp-18-1,emp-18,skill-onboarding,beginner,3.5,true,2025-11-15T10:54:07.656977+00:00,import_seed,Pulse RH,2026-06-01T10:54:07.656978+00:00,2026-05-11T10:54:07.656979+00:00,84.9
employee-skill-emp-18-2,emp-18,skill-payroll,intermediate,6.2,false,2025-11-23T10:54:07.656982+00:00,import_seed,Pulse RH,2026-03-27T10:54:07.656983+00:00,2026-05-14T10:54:07.656984+00:00,89.8
employee-skill-emp-18-3,emp-18,skill-security,expert,2.3,false,2026-01-22T10:54:07.656986+00:00,import_seed,Pulse RH,2026-04-24T10:54:07.656988+00:00,2026-06-16T10:54:07.656989+00:00,96.2
employee-skill-emp-19-1,emp-19,skill-management,beginner,3.7,true,2026-05-13T10:54:07.656993+00:00,import_seed,Pulse RH,2026-03-29T10:54:07.656995+00:00,2026-06-07T10:54:07.656996+00:00,82.3
employee-skill-emp-19-2,emp-19,skill-onboarding,expert,4.7,false,2026-01-26T10:54:07.656998+00:00,import_seed,Pulse RH,2026-05-04T10:54:07.656999+00:00,2026-06-10T10:54:07.657000+00:00,65.8
employee-skill-emp-19-3,emp-19,skill-communication,advanced,0.9,false,2025-12-17T10:54:07.657002+00:00,import_seed,Pulse RH,2026-03-30T10:54:07.657003+00:00,2026-05-24T10:54:07.657004+00:00,90.9
employee-skill-emp-20-1,emp-20,skill-data,expert,1.3,true,2026-02-06T10:54:07.657008+00:00,import_seed,Pulse RH,2026-05-16T10:54:07.657009+00:00,2026-06-04T10:54:07.657010+00:00,78.7
employee-skill-emp-20-2,emp-20,skill-payroll,beginner,7.1,false,2026-05-09T10:54:07.657012+00:00,import_seed,Pulse RH,2026-06-10T10:54:07.657013+00:00,2026-05-25T10:54:07.657015+00:00,78.1
employee-skill-emp-20-3,emp-20,skill-python,beginner,5.7,false,2026-03-30T10:54:07.657017+00:00,import_seed,Pulse RH,2026-04-16T10:54:07.657018+00:00,2026-05-14T10:54:07.657019+00:00,83.5
employee-skill-emp-21-1,emp-21,skill-onboarding,intermediate,2.4,true,2026-01-25T10:54:07.657023+00:00,import_seed,Pulse RH,2026-04-10T10:54:07.657024+00:00,2026-05-03T10:54:07.657025+00:00,95.8
employee-skill-emp-21-2,emp-21,skill-management,beginner,4.2,false,2026-02-15T10:54:07.657027+00:00,import_seed,Pulse RH,2026-05-17T10:54:07.657028+00:00,2026-05-30T10:54:07.657030+00:00,66.6
employee-skill-emp-21-3,emp-21,skill-communication,intermediate,1.8,false,2025-12-15T10:54:07.657034+00:00,import_seed,Pulse RH,2026-05-09T10:54:07.657036+00:00,2026-05-30T10:54:07.657037+00:00,86.7
employee-skill-emp-22-1,emp-22,skill-management,advanced,4.8,true,2026-03-07T10:54:07.657040+00:00,import_seed,Pulse RH,2026-05-24T10:54:07.657042+00:00,2026-05-27T10:54:07.657043+00:00,74.2
employee-skill-emp-22-2,emp-22,skill-communication,advanced,2.3,false,2026-05-11T10:54:07.657045+00:00,import_seed,Pulse RH,2026-04-25T10:54:07.657046+00:00,2026-06-10T10:54:07.657047+00:00,96.4
employee-skill-emp-22-3,emp-22,skill-data,advanced,4.4,false,2026-03-20T10:54:07.657050+00:00,import_seed,Pulse RH,2026-06-02T10:54:07.657051+00:00,2026-06-13T10:54:07.657052+00:00,92.4
employee-skill-emp-23-1,emp-23,skill-payroll,intermediate,7.0,true,2026-05-09T10:54:07.657056+00:00,import_seed,Pulse RH,2026-04-02T10:54:07.657057+00:00,2026-06-04T10:54:07.657058+00:00,89.9
employee-skill-emp-23-2,emp-23,skill-management,expert,3.6,false,2025-11-30T10:54:07.657060+00:00,import_seed,Pulse RH,2026-05-28T10:54:07.657061+00:00,2026-05-31T10:54:07.657063+00:00,81.6
employee-skill-emp-23-3,emp-23,skill-communication,intermediate,7.0,false,2026-01-23T10:54:07.657065+00:00,import_seed,Pulse RH,2026-03-19T10:54:07.657066+00:00,2026-05-26T10:54:07.657067+00:00,96.9
employee-skill-emp-24-1,emp-24,skill-onboarding,intermediate,2.3,true,2026-04-02T10:54:07.657071+00:00,import_seed,Pulse RH,2026-03-26T10:54:07.657072+00:00,2026-05-21T10:54:07.657073+00:00,71.3
employee-skill-emp-24-2,emp-24,skill-python,intermediate,1.1,false,2026-05-21T10:54:07.657075+00:00,import_seed,Pulse RH,2026-04-23T10:54:07.657076+00:00,2026-05-17T10:54:07.657077+00:00,90.0
employee-skill-emp-24-3,emp-24,skill-security,beginner,6.5,false,2026-01-13T10:54:07.657080+00:00,import_seed,Pulse RH,2026-06-02T10:54:07.657081+00:00,2026-05-22T10:54:07.657082+00:00,90.6
employee-skill-emp-25-1,emp-25,skill-react,beginner,2.1,true,2025-12-20T10:54:07.657085+00:00,import_seed,Pulse RH,2026-03-29T10:54:07.657087+00:00,2026-05-30T10:54:07.657088+00:00,84.1
employee-skill-emp-25-2,emp-25,skill-management,advanced,7.3,false,2026-05-25T10:54:07.657090+00:00,import_seed,Pulse RH,2026-06-12T10:54:07.657091+00:00,2026-05-27T10:54:07.657092+00:00,82.9
employee-skill-emp-25-3,emp-25,skill-security,beginner,6.0,false,2025-12-17T10:54:07.657095+00:00,import_seed,Pulse RH,2026-06-12T10:54:07.657096+00:00,2026-05-30T10:54:07.657097+00:00,78.4
employee-skill-emp-26-1,emp-26,skill-communication,intermediate,8.0,true,2026-03-25T10:54:07.657100+00:00,import_seed,Pulse RH,2026-05-23T10:54:07.657101+00:00,2026-05-20T10:54:07.657102+00:00,91.6
employee-skill-emp-26-2,emp-26,skill-payroll,advanced,1.6,false,2026-04-25T10:54:07.657105+00:00,import_seed,Pulse RH,2026-05-19T10:54:07.657106+00:00,2026-05-05T10:54:07.657107+00:00,78.8
employee-skill-emp-26-3,emp-26,skill-data,advanced,2.9,false,2026-01-09T10:54:07.657109+00:00,import_seed,Pulse RH,2026-06-08T10:54:07.657110+00:00,2026-05-14T10:54:07.657112+00:00,93.5
employee-skill-emp-27-1,emp-27,skill-security,expert,3.2,true,2025-12-06T10:54:07.657117+00:00,import_seed,Pulse RH,2026-06-01T10:54:07.657118+00:00,2026-06-10T10:54:07.657119+00:00,67.5
employee-skill-emp-27-2,emp-27,skill-payroll,beginner,1.5,false,2026-05-26T10:54:07.657121+00:00,import_seed,Pulse RH,2026-05-23T10:54:07.657122+00:00,2026-06-11T10:54:07.657123+00:00,97.9
employee-skill-emp-27-3,emp-27,skill-onboarding,beginner,5.1,false,2026-02-07T10:54:07.657125+00:00,import_seed,Pulse RH,2026-04-26T10:54:07.657127+00:00,2026-05-10T10:54:07.657128+00:00,96.1
employee-skill-emp-28-1,emp-28,skill-payroll,beginner,2.3,true,2025-12-19T10:54:07.657131+00:00,import_seed,Pulse RH,2026-05-29T10:54:07.657132+00:00,2026-05-09T10:54:07.657133+00:00,83.4
employee-skill-emp-28-2,emp-28,skill-python,expert,1.6,false,2025-11-12T10:54:07.657136+00:00,import_seed,Pulse RH,2026-04-08T10:54:07.657137+00:00,2026-05-23T10:54:07.657138+00:00,88.9
employee-skill-emp-28-3,emp-28,skill-management,expert,3.7,false,2026-01-03T10:54:07.657140+00:00,import_seed,Pulse RH,2026-04-06T10:54:07.657141+00:00,2026-05-13T10:54:07.657142+00:00,70.5
employee-skill-emp-29-1,emp-29,skill-management,advanced,3.8,true,2026-02-07T10:54:07.657146+00:00,import_seed,Pulse RH,2026-03-26T10:54:07.657147+00:00,2026-06-03T10:54:07.657148+00:00,74.4
employee-skill-emp-29-2,emp-29,skill-react,intermediate,7.2,false,2025-12-20T10:54:07.657150+00:00,import_seed,Pulse RH,2026-05-26T10:54:07.657151+00:00,2026-05-19T10:54:07.657152+00:00,83.3
employee-skill-emp-29-3,emp-29,skill-data,advanced,1.6,false,2026-02-02T10:54:07.657154+00:00,import_seed,Pulse RH,2026-04-23T10:54:07.657156+00:00,2026-05-21T10:54:07.657157+00:00,86.4
employee-skill-emp-30-1,emp-30,skill-security,beginner,3.9,true,2026-03-17T10:54:07.657160+00:00,import_seed,Pulse RH,2026-05-28T10:54:07.657161+00:00,2026-06-10T10:54:07.657163+00:00,84.0
employee-skill-emp-30-2,emp-30,skill-management,advanced,3.9,false,2026-02-09T10:54:07.657165+00:00,import_seed,Pulse RH,2026-03-28T10:54:07.657166+00:00,2026-05-22T10:54:07.657167+00:00,82.7
employee-skill-emp-30-3,emp-30,skill-onboarding,intermediate,5.8,false,2026-02-16T10:54:07.657169+00:00,import_seed,Pulse RH,2026-05-21T10:54:07.657171+00:00,2026-06-09T10:54:07.657172+00:00,86.8
employee-skill-emp-31-1,emp-31,skill-management,beginner,4.1,true,2026-05-15T10:54:07.657175+00:00,import_seed,Pulse RH,2026-03-23T10:54:07.657176+00:00,2026-05-17T10:54:07.657177+00:00,80.5
employee-skill-emp-31-2,emp-31,skill-communication,expert,7.0,false,2026-03-10T10:54:07.657180+00:00,import_seed,Pulse RH,2026-06-08T10:54:07.657181+00:00,2026-05-21T10:54:07.657182+00:00,78.4
employee-skill-emp-31-3,emp-31,skill-payroll,expert,6.0,false,2026-02-14T10:54:07.657184+00:00,import_seed,Pulse RH,2026-04-09T10:54:07.657185+00:00,2026-05-27T10:54:07.657186+00:00,77.8
employee-skill-emp-32-1,emp-32,skill-communication,advanced,5.0,true,2026-04-25T10:54:07.657189+00:00,import_seed,Pulse RH,2026-04-07T10:54:07.657191+00:00,2026-06-13T10:54:07.657192+00:00,92.5
employee-skill-emp-32-2,emp-32,skill-react,beginner,5.1,false,2026-03-28T10:54:07.657199+00:00,import_seed,Pulse RH,2026-03-24T10:54:07.657200+00:00,2026-05-03T10:54:07.657201+00:00,80.3
employee-skill-emp-32-3,emp-32,skill-security,advanced,7.9,false,2026-05-01T10:54:07.657203+00:00,import_seed,Pulse RH,2026-06-06T10:54:07.657204+00:00,2026-06-07T10:54:07.657206+00:00,95.9
employee-skill-emp-33-1,emp-33,skill-react,expert,2.8,true,2026-05-29T10:54:07.657209+00:00,import_seed,Pulse RH,2026-04-18T10:54:07.657210+00:00,2026-05-14T10:54:07.657211+00:00,90.6
employee-skill-emp-33-2,emp-33,skill-python,expert,2.1,false,2026-03-22T10:54:07.657213+00:00,import_seed,Pulse RH,2026-05-22T10:54:07.657215+00:00,2026-06-01T10:54:07.657216+00:00,67.1
employee-skill-emp-33-3,emp-33,skill-communication,advanced,6.1,false,2026-02-09T10:54:07.657218+00:00,import_seed,Pulse RH,2026-03-22T10:54:07.657219+00:00,2026-05-17T10:54:07.657220+00:00,87.5
employee-skill-emp-34-1,emp-34,skill-react,intermediate,3.3,true,2026-02-24T10:54:07.657223+00:00,import_seed,Pulse RH,2026-03-26T10:54:07.657224+00:00,2026-06-03T10:54:07.657225+00:00,70.2
employee-skill-emp-34-2,emp-34,skill-python,intermediate,6.9,false,2026-01-28T10:54:07.657227+00:00,import_seed,Pulse RH,2026-04-06T10:54:07.657228+00:00,2026-05-29T10:54:07.657230+00:00,73.3
employee-skill-emp-34-3,emp-34,skill-security,advanced,1.6,false,2026-01-08T10:54:07.657232+00:00,import_seed,Pulse RH,2026-04-22T10:54:07.657233+00:00,2026-05-04T10:54:07.657234+00:00,67.8
employee-skill-emp-35-1,emp-35,skill-python,beginner,5.4,true,2025-11-17T10:54:07.657237+00:00,import_seed,Pulse RH,2026-05-05T10:54:07.657238+00:00,2026-05-09T10:54:07.657240+00:00,80.5
employee-skill-emp-35-2,emp-35,skill-onboarding,intermediate,5.1,false,2026-03-17T10:54:07.657242+00:00,import_seed,Pulse RH,2026-04-25T10:54:07.657243+00:00,2026-05-18T10:54:07.657244+00:00,68.8
employee-skill-emp-35-3,emp-35,skill-payroll,beginner,2.2,false,2026-04-10T10:54:07.657246+00:00,import_seed,Pulse RH,2026-05-31T10:54:07.657247+00:00,2026-05-26T10:54:07.657248+00:00,80.9
employee-skill-emp-36-1,emp-36,skill-react,beginner,4.0,true,2025-12-22T10:54:07.657251+00:00,import_seed,Pulse RH,2026-04-15T10:54:07.657252+00:00,2026-06-04T10:54:07.657253+00:00,93.8
employee-skill-emp-36-2,emp-36,skill-python,advanced,1.4,false,2026-01-28T10:54:07.657255+00:00,import_seed,Pulse RH,2026-04-25T10:54:07.657256+00:00,2026-06-04T10:54:07.657258+00:00,88.0
employee-skill-emp-36-3,emp-36,skill-security,intermediate,2.3,false,2025-11-23T10:54:07.657260+00:00,import_seed,Pulse RH,2026-04-29T10:54:07.657261+00:00,2026-06-05T10:54:07.657262+00:00,72.1
employee-skill-emp-37-1,emp-37,skill-onboarding,intermediate,2.1,true,2026-02-21T10:54:07.657264+00:00,import_seed,Pulse RH,2026-04-08T10:54:07.657266+00:00,2026-05-10T10:54:07.657267+00:00,90.8
employee-skill-emp-37-2,emp-37,skill-payroll,intermediate,6.8,false,2026-04-06T10:54:07.657269+00:00,import_seed,Pulse RH,2026-03-29T10:54:07.657270+00:00,2026-05-31T10:54:07.657271+00:00,72.0
employee-skill-emp-37-3,emp-37,skill-security,beginner,5.3,false,2026-01-19T10:54:07.657273+00:00,import_seed,Pulse RH,2026-05-22T10:54:07.657275+00:00,2026-06-16T10:54:07.657276+00:00,74.6
employee-skill-emp-38-1,emp-38,skill-react,intermediate,6.8,true,2026-03-12T10:54:07.657279+00:00,import_seed,Pulse RH,2026-03-24T10:54:07.657280+00:00,2026-05-03T10:54:07.657281+00:00,73.9
employee-skill-emp-38-2,emp-38,skill-communication,expert,3.7,false,2026-01-12T10:54:07.657283+00:00,import_seed,Pulse RH,2026-04-08T10:54:07.657285+00:00,2026-05-17T10:54:07.657286+00:00,94.0
employee-skill-emp-38-3,emp-38,skill-onboarding,intermediate,6.0,false,2025-12-16T10:54:07.657288+00:00,import_seed,Pulse RH,2026-05-05T10:54:07.657289+00:00,2026-05-08T10:54:07.657290+00:00,92.0
employee-skill-emp-39-1,emp-39,skill-data,intermediate,7.3,true,2026-04-30T10:54:07.657295+00:00,import_seed,Pulse RH,2026-05-11T10:54:07.657296+00:00,2026-06-08T10:54:07.657297+00:00,87.1
employee-skill-emp-39-2,emp-39,skill-onboarding,advanced,5.2,false,2026-04-25T10:54:07.657300+00:00,import_seed,Pulse RH,2026-03-29T10:54:07.657301+00:00,2026-05-11T10:54:07.657302+00:00,94.6
employee-skill-emp-39-3,emp-39,skill-payroll,advanced,1.4,false,2025-11-30T10:54:07.657304+00:00,import_seed,Pulse RH,2026-05-17T10:54:07.657305+00:00,2026-05-16T10:54:07.657306+00:00,84.2
employee-skill-emp-40-1,emp-40,skill-react,expert,4.7,true,2026-04-17T10:54:07.657311+00:00,import_seed,Pulse RH,2026-05-06T10:54:07.657312+00:00,2026-05-05T10:54:07.657313+00:00,93.5
employee-skill-emp-40-2,emp-40,skill-onboarding,advanced,4.6,false,2026-03-14T10:54:07.657316+00:00,import_seed,Pulse RH,2026-03-20T10:54:07.657317+00:00,2026-05-07T10:54:07.657318+00:00,77.7
employee-skill-emp-40-3,emp-40,skill-management,intermediate,5.2,false,2026-03-04T10:54:07.657320+00:00,import_seed,Pulse RH,2026-03-30T10:54:07.657321+00:00,2026-05-31T10:54:07.657322+00:00,96.4
employee-skill-emp-41-1,emp-41,skill-react,beginner,2.1,true,2026-02-16T10:54:07.657325+00:00,import_seed,Pulse RH,2026-06-04T10:54:07.657326+00:00,2026-06-12T10:54:07.657327+00:00,87.0
employee-skill-emp-41-2,emp-41,skill-python,intermediate,7.1,false,2026-05-05T10:54:07.657329+00:00,import_seed,Pulse RH,2026-05-10T10:54:07.657330+00:00,2026-05-12T10:54:07.657332+00:00,91.3
employee-skill-emp-41-3,emp-41,skill-security,expert,2.6,false,2026-01-23T10:54:07.657334+00:00,import_seed,Pulse RH,2026-06-03T10:54:07.657335+00:00,2026-05-27T10:54:07.657336+00:00,88.4
employee-skill-emp-42-1,emp-42,skill-python,intermediate,3.6,true,2026-03-31T10:54:07.657339+00:00,import_seed,Pulse RH,2026-04-12T10:54:07.657341+00:00,2026-06-06T10:54:07.657342+00:00,92.3
employee-skill-emp-42-2,emp-42,skill-payroll,expert,4.5,false,2026-05-12T10:54:07.657344+00:00,import_seed,Pulse RH,2026-05-23T10:54:07.657345+00:00,2026-05-07T10:54:07.657346+00:00,80.3
employee-skill-emp-42-3,emp-42,skill-data,beginner,4.1,false,2026-05-05T10:54:07.657348+00:00,import_seed,Pulse RH,2026-06-05T10:54:07.657350+00:00,2026-05-20T10:54:07.657351+00:00,67.7
employee-skill-emp-43-1,emp-43,skill-management,advanced,6.4,true,2026-01-18T10:54:07.657354+00:00,import_seed,Pulse RH,2026-05-29T10:54:07.657355+00:00,2026-05-29T10:54:07.657357+00:00,86.1
employee-skill-emp-43-2,emp-43,skill-communication,advanced,2.2,false,2026-05-09T10:54:07.657359+00:00,import_seed,Pulse RH,2026-05-08T10:54:07.657360+00:00,2026-05-11T10:54:07.657361+00:00,76.4
employee-skill-emp-43-3,emp-43,skill-security,advanced,2.0,false,2026-02-26T10:54:07.657363+00:00,import_seed,Pulse RH,2026-04-07T10:54:07.657364+00:00,2026-05-20T10:54:07.657366+00:00,92.4
employee-skill-emp-44-1,emp-44,skill-react,advanced,3.1,true,2026-04-19T10:54:07.657369+00:00,import_seed,Pulse RH,2026-04-26T10:54:07.657370+00:00,2026-05-30T10:54:07.657371+00:00,94.5
employee-skill-emp-44-2,emp-44,skill-payroll,advanced,3.2,false,2026-05-25T10:54:07.657374+00:00,import_seed,Pulse RH,2026-04-15T10:54:07.657376+00:00,2026-06-03T10:54:07.657377+00:00,83.4
employee-skill-emp-44-3,emp-44,skill-python,advanced,5.2,false,2026-03-20T10:54:07.657379+00:00,import_seed,Pulse RH,2026-05-13T10:54:07.657380+00:00,2026-06-12T10:54:07.657381+00:00,73.0
employee-skill-emp-45-1,emp-45,skill-communication,advanced,3.1,true,2026-02-11T10:54:07.657384+00:00,import_seed,Pulse RH,2026-04-22T10:54:07.657386+00:00,2026-05-04T10:54:07.657387+00:00,81.3
employee-skill-emp-45-2,emp-45,skill-security,expert,1.8,false,2026-02-02T10:54:07.657389+00:00,import_seed,Pulse RH,2026-05-25T10:54:07.657390+00:00,2026-05-03T10:54:07.657391+00:00,90.1
employee-skill-emp-45-3,emp-45,skill-onboarding,intermediate,3.5,false,2026-04-10T10:54:07.657395+00:00,import_seed,Pulse RH,2026-05-10T10:54:07.657396+00:00,2026-06-03T10:54:07.657397+00:00,83.8
employee-skill-emp-46-1,emp-46,skill-data,expert,6.2,true,2026-01-11T10:54:07.657400+00:00,import_seed,Pulse RH,2026-03-24T10:54:07.657402+00:00,2026-05-05T10:54:07.657403+00:00,72.7
employee-skill-emp-46-2,emp-46,skill-python,expert,0.7,false,2026-03-12T10:54:07.657405+00:00,import_seed,Pulse RH,2026-04-03T10:54:07.657406+00:00,2026-06-06T10:54:07.657407+00:00,77.9
employee-skill-emp-46-3,emp-46,skill-security,advanced,4.6,false,2025-11-30T10:54:07.657409+00:00,import_seed,Pulse RH,2026-04-30T10:54:07.657410+00:00,2026-05-28T10:54:07.657411+00:00,81.5
employee-skill-emp-47-1,emp-47,skill-onboarding,beginner,6.6,true,2026-03-23T10:54:07.657415+00:00,import_seed,Pulse RH,2026-03-26T10:54:07.657416+00:00,2026-05-11T10:54:07.657417+00:00,65.2
employee-skill-emp-47-2,emp-47,skill-communication,expert,1.0,false,2025-11-22T10:54:07.657419+00:00,import_seed,Pulse RH,2026-05-20T10:54:07.657421+00:00,2026-06-12T10:54:07.657422+00:00,77.8
employee-skill-emp-47-3,emp-47,skill-payroll,intermediate,6.0,false,2026-03-15T10:54:07.657424+00:00,import_seed,Pulse RH,2026-04-25T10:54:07.657425+00:00,2026-05-06T10:54:07.657426+00:00,66.5
employee-skill-emp-48-1,emp-48,skill-communication,intermediate,2.3,true,2026-01-01T10:54:07.657429+00:00,import_seed,Pulse RH,2026-06-07T10:54:07.657430+00:00,2026-05-06T10:54:07.657431+00:00,97.5
employee-skill-emp-48-2,emp-48,skill-python,beginner,2.4,false,2026-02-28T10:54:07.657433+00:00,import_seed,Pulse RH,2026-04-28T10:54:07.657435+00:00,2026-05-28T10:54:07.657436+00:00,86.0
employee-skill-emp-48-3,emp-48,skill-security,intermediate,2.6,false,2026-03-25T10:54:07.657438+00:00,import_seed,Pulse RH,2026-06-10T10:54:07.657439+00:00,2026-05-05T10:54:07.657440+00:00,78.3
employee-skill-emp-49-1,emp-49,skill-security,advanced,3.4,true,2026-03-23T10:54:07.657444+00:00,import_seed,Pulse RH,2026-05-06T10:54:07.657445+00:00,2026-05-27T10:54:07.657446+00:00,78.6
employee-skill-emp-49-2,emp-49,skill-python,intermediate,1.3,false,2026-01-06T10:54:07.657448+00:00,import_seed,Pulse RH,2026-04-04T10:54:07.657449+00:00,2026-06-12T10:54:07.657450+00:00,87.0
employee-skill-emp-49-3,emp-49,skill-management,advanced,5.4,false,2026-03-20T10:54:07.657452+00:00,import_seed,Pulse RH,2026-05-31T10:54:07.657453+00:00,2026-06-11T10:54:07.657454+00:00,89.1
employee-skill-emp-50-1,emp-50,skill-security,expert,5.4,true,2026-01-11T10:54:07.657457+00:00,import_seed,Pulse RH,2026-04-26T10:54:07.657459+00:00,2026-05-28T10:54:07.657460+00:00,74.3
employee-skill-emp-50-2,emp-50,skill-onboarding,expert,3.7,false,2026-05-21T10:54:07.657462+00:00,import_seed,Pulse RH,2026-05-02T10:54:07.657463+00:00,2026-05-10T10:54:07.657464+00:00,79.2
employee-skill-emp-50-3,emp-50,skill-python,intermediate,7.4,false,2026-04-08T10:54:07.657466+00:00,import_seed,Pulse RH,2026-05-24T10:54:07.657467+00:00,2026-05-18T10:54:07.657468+00:00,89.9
employee-skill-emp-51-1,emp-51,skill-management,intermediate,5.3,true,2026-04-23T10:54:07.657471+00:00,import_seed,Pulse RH,2026-06-03T10:54:07.657473+00:00,2026-06-13T10:54:07.657474+00:00,96.9
employee-skill-emp-51-2,emp-51,skill-python,expert,4.3,false,2026-05-26T10:54:07.657476+00:00,import_seed,Pulse RH,2026-05-12T10:54:07.657477+00:00,2026-06-08T10:54:07.657478+00:00,86.0
employee-skill-emp-51-3,emp-51,skill-payroll,beginner,1.0,false,2026-04-08T10:54:07.657480+00:00,import_seed,Pulse RH,2026-03-24T10:54:07.657481+00:00,2026-06-11T10:54:07.657482+00:00,78.9
employee-skill-emp-52-1,emp-52,skill-onboarding,beginner,4.5,true,2025-11-21T10:54:07.657485+00:00,import_seed,Pulse RH,2026-04-27T10:54:07.657486+00:00,2026-05-30T10:54:07.657487+00:00,90.1
employee-skill-emp-52-2,emp-52,skill-payroll,advanced,1.1,false,2025-12-26T10:54:07.657489+00:00,import_seed,Pulse RH,2026-04-10T10:54:07.657490+00:00,2026-05-11T10:54:07.657491+00:00,94.5
employee-skill-emp-52-3,emp-52,skill-security,expert,7.4,false,2026-01-18T10:54:07.657493+00:00,import_seed,Pulse RH,2026-03-21T10:54:07.657494+00:00,2026-05-05T10:54:07.657495+00:00,84.6
employee-skill-emp-53-1,emp-53,skill-onboarding,advanced,5.0,true,2025-12-27T10:54:07.657498+00:00,import_seed,Pulse RH,2026-05-12T10:54:07.657499+00:00,2026-05-29T10:54:07.657500+00:00,71.8
employee-skill-emp-53-2,emp-53,skill-payroll,beginner,5.0,false,2026-03-20T10:54:07.657502+00:00,import_seed,Pulse RH,2026-05-19T10:54:07.657503+00:00,2026-06-16T10:54:07.657504+00:00,71.6
employee-skill-emp-53-3,emp-53,skill-security,intermediate,4.5,false,2026-04-03T10:54:07.657508+00:00,import_seed,Pulse RH,2026-03-21T10:54:07.657509+00:00,2026-05-23T10:54:07.657510+00:00,68.4
employee-skill-emp-54-1,emp-54,skill-security,expert,2.9,true,2026-04-12T10:54:07.657514+00:00,import_seed,Pulse RH,2026-05-04T10:54:07.657515+00:00,2026-06-01T10:54:07.657516+00:00,81.8
employee-skill-emp-54-2,emp-54,skill-onboarding,advanced,8.0,false,2026-01-29T10:54:07.657518+00:00,import_seed,Pulse RH,2026-05-18T10:54:07.657519+00:00,2026-05-21T10:54:07.657520+00:00,86.8
employee-skill-emp-54-3,emp-54,skill-payroll,expert,5.7,false,2025-12-28T10:54:07.657523+00:00,import_seed,Pulse RH,2026-04-09T10:54:07.657524+00:00,2026-05-25T10:54:07.657525+00:00,65.8
employee-skill-emp-55-1,emp-55,skill-communication,expert,7.8,true,2026-03-03T10:54:07.657528+00:00,import_seed,Pulse RH,2026-05-24T10:54:07.657529+00:00,2026-05-29T10:54:07.657530+00:00,73.5
employee-skill-emp-55-2,emp-55,skill-payroll,beginner,6.3,false,2026-01-27T10:54:07.657532+00:00,import_seed,Pulse RH,2026-05-10T10:54:07.657533+00:00,2026-05-17T10:54:07.657535+00:00,88.4
employee-skill-emp-55-3,emp-55,skill-data,intermediate,1.4,false,2026-02-22T10:54:07.657537+00:00,import_seed,Pulse RH,2026-04-12T10:54:07.657538+00:00,2026-05-31T10:54:07.657539+00:00,89.0
employee-skill-emp-56-1,emp-56,skill-management,intermediate,7.9,true,2026-04-04T10:54:07.657542+00:00,import_seed,Pulse RH,2026-05-14T10:54:07.657543+00:00,2026-05-03T10:54:07.657544+00:00,94.3
employee-skill-emp-56-2,emp-56,skill-python,advanced,8.0,false,2026-02-22T10:54:07.657546+00:00,import_seed,Pulse RH,2026-06-12T10:54:07.657548+00:00,2026-05-24T10:54:07.657549+00:00,92.5
employee-skill-emp-56-3,emp-56,skill-communication,intermediate,2.5,false,2026-02-18T10:54:07.657551+00:00,import_seed,Pulse RH,2026-03-23T10:54:07.657552+00:00,2026-06-13T10:54:07.657553+00:00,90.3
employee-skill-emp-57-1,emp-57,skill-payroll,intermediate,2.1,true,2026-05-04T10:54:07.657556+00:00,import_seed,Pulse RH,2026-04-05T10:54:07.657557+00:00,2026-05-06T10:54:07.657559+00:00,80.2
employee-skill-emp-57-2,emp-57,skill-communication,beginner,4.8,false,2026-02-04T10:54:07.657561+00:00,import_seed,Pulse RH,2026-04-15T10:54:07.657562+00:00,2026-06-01T10:54:07.657563+00:00,72.5
employee-skill-emp-57-3,emp-57,skill-onboarding,advanced,1.8,false,2026-03-06T10:54:07.657565+00:00,import_seed,Pulse RH,2026-05-11T10:54:07.657566+00:00,2026-05-07T10:54:07.657567+00:00,88.8
employee-skill-emp-58-1,emp-58,skill-security,intermediate,3.1,true,2026-01-10T10:54:07.657570+00:00,import_seed,Pulse RH,2026-03-26T10:54:07.657571+00:00,2026-05-08T10:54:07.657572+00:00,66.2
employee-skill-emp-58-2,emp-58,skill-payroll,intermediate,7.4,false,2026-01-21T10:54:07.657574+00:00,import_seed,Pulse RH,2026-05-26T10:54:07.657576+00:00,2026-05-20T10:54:07.657577+00:00,88.0
employee-skill-emp-58-3,emp-58,skill-data,expert,0.6,false,2026-02-15T10:54:07.657579+00:00,import_seed,Pulse RH,2026-04-24T10:54:07.657580+00:00,2026-06-10T10:54:07.657581+00:00,86.6
employee-skill-emp-59-1,emp-59,skill-data,intermediate,6.6,true,2026-05-30T10:54:07.657585+00:00,import_seed,Pulse RH,2026-04-19T10:54:07.657586+00:00,2026-05-21T10:54:07.657587+00:00,88.6
employee-skill-emp-59-2,emp-59,skill-management,advanced,2.1,false,2026-04-07T10:54:07.657589+00:00,import_seed,Pulse RH,2026-04-03T10:54:07.657590+00:00,2026-06-08T10:54:07.657592+00:00,74.6
employee-skill-emp-59-3,emp-59,skill-python,beginner,1.3,false,2026-02-12T10:54:07.657594+00:00,import_seed,Pulse RH,2026-06-12T10:54:07.657595+00:00,2026-05-27T10:54:07.657596+00:00,84.1
employee-skill-emp-60-1,emp-60,skill-onboarding,expert,4.4,true,2026-05-08T10:54:07.657598+00:00,import_seed,Pulse RH,2026-04-11T10:54:07.657599+00:00,2026-05-24T10:54:07.657600+00:00,92.7
employee-skill-emp-60-2,emp-60,skill-payroll,beginner,7.9,false,2026-01-02T10:54:07.657603+00:00,import_seed,Pulse RH,2026-05-16T10:54:07.657604+00:00,2026-05-20T10:54:07.657605+00:00,98.0
employee-skill-emp-60-3,emp-60,skill-security,advanced,5.1,false,2026-04-13T10:54:07.657607+00:00,import_seed,Pulse RH,2026-05-04T10:54:07.657608+00:00,2026-06-06T10:54:07.657609+00:00,86.8
employee-skill-emp-61-1,emp-61,skill-python,intermediate,4.8,true,2026-02-06T10:54:07.657612+00:00,import_seed,Pulse RH,2026-05-25T10:54:07.657613+00:00,2026-06-09T10:54:07.657615+00:00,67.7
employee-skill-emp-61-2,emp-61,skill-management,expert,6.4,false,2026-05-23T10:54:07.657617+00:00,import_seed,Pulse RH,2026-04-08T10:54:07.657618+00:00,2026-05-23T10:54:07.657619+00:00,69.2
employee-skill-emp-61-3,emp-61,skill-react,beginner,5.4,false,2025-12-05T10:54:07.657621+00:00,import_seed,Pulse RH,2026-04-13T10:54:07.657623+00:00,2026-05-29T10:54:07.657624+00:00,76.6
employee-skill-emp-62-1,emp-62,skill-python,beginner,3.4,true,2025-11-27T10:54:07.657627+00:00,import_seed,Pulse RH,2026-05-15T10:54:07.657628+00:00,2026-05-30T10:54:07.657629+00:00,90.8
employee-skill-emp-62-2,emp-62,skill-communication,intermediate,5.4,false,2025-11-13T10:54:07.657631+00:00,import_seed,Pulse RH,2026-03-23T10:54:07.657633+00:00,2026-06-09T10:54:07.657634+00:00,81.1
employee-skill-emp-62-3,emp-62,skill-onboarding,beginner,2.1,false,2026-04-17T10:54:07.657636+00:00,import_seed,Pulse RH,2026-03-29T10:54:07.657637+00:00,2026-05-23T10:54:07.657638+00:00,71.7
employee-skill-emp-63-1,emp-63,skill-onboarding,beginner,2.4,true,2026-03-17T10:54:07.657642+00:00,import_seed,Pulse RH,2026-05-02T10:54:07.657644+00:00,2026-05-11T10:54:07.657645+00:00,90.8
employee-skill-emp-63-2,emp-63,skill-react,intermediate,4.9,false,2026-02-01T10:54:07.657647+00:00,import_seed,Pulse RH,2026-05-27T10:54:07.657648+00:00,2026-05-08T10:54:07.657649+00:00,79.9
employee-skill-emp-63-3,emp-63,skill-management,expert,4.2,false,2025-12-26T10:54:07.657651+00:00,import_seed,Pulse RH,2026-04-18T10:54:07.657652+00:00,2026-05-21T10:54:07.657653+00:00,82.7
employee-skill-emp-64-1,emp-64,skill-react,advanced,4.9,true,2026-04-02T10:54:07.657657+00:00,import_seed,Pulse RH,2026-06-10T10:54:07.657658+00:00,2026-05-11T10:54:07.657659+00:00,66.8
employee-skill-emp-64-2,emp-64,skill-payroll,beginner,5.0,false,2026-03-10T10:54:07.657661+00:00,import_seed,Pulse RH,2026-05-16T10:54:07.657662+00:00,2026-05-15T10:54:07.657663+00:00,93.5
employee-skill-emp-64-3,emp-64,skill-security,advanced,3.1,false,2026-01-18T10:54:07.657665+00:00,import_seed,Pulse RH,2026-03-28T10:54:07.657666+00:00,2026-06-03T10:54:07.657667+00:00,73.4
employee-skill-emp-65-1,emp-65,skill-react,advanced,3.5,true,2026-03-05T10:54:07.657671+00:00,import_seed,Pulse RH,2026-05-03T10:54:07.657672+00:00,2026-05-24T10:54:07.657673+00:00,95.6
employee-skill-emp-65-2,emp-65,skill-management,intermediate,7.9,false,2026-04-25T10:54:07.657675+00:00,import_seed,Pulse RH,2026-04-09T10:54:07.657676+00:00,2026-05-09T10:54:07.657677+00:00,80.8
employee-skill-emp-65-3,emp-65,skill-security,intermediate,4.4,false,2026-05-25T10:54:07.657680+00:00,import_seed,Pulse RH,2026-05-18T10:54:07.657681+00:00,2026-06-11T10:54:07.657682+00:00,78.4
employee-skill-emp-66-1,emp-66,skill-python,beginner,4.4,true,2026-02-19T10:54:07.657685+00:00,import_seed,Pulse RH,2026-04-09T10:54:07.657686+00:00,2026-05-15T10:54:07.657687+00:00,78.1
employee-skill-emp-66-2,emp-66,skill-react,expert,1.6,false,2026-05-27T10:54:07.657689+00:00,import_seed,Pulse RH,2026-05-03T10:54:07.657690+00:00,2026-06-16T10:54:07.657692+00:00,75.5
employee-skill-emp-66-3,emp-66,skill-security,expert,2.5,false,2026-04-11T10:54:07.657694+00:00,import_seed,Pulse RH,2026-03-22T10:54:07.657695+00:00,2026-05-21T10:54:07.657696+00:00,81.9
employee-skill-emp-67-1,emp-67,skill-management,expert,0.9,true,2026-04-20T10:54:07.657699+00:00,import_seed,Pulse RH,2026-06-11T10:54:07.657701+00:00,2026-05-20T10:54:07.657702+00:00,65.1
employee-skill-emp-67-2,emp-67,skill-communication,beginner,7.2,false,2026-02-20T10:54:07.657704+00:00,import_seed,Pulse RH,2026-06-07T10:54:07.657705+00:00,2026-05-10T10:54:07.657706+00:00,70.4
employee-skill-emp-67-3,emp-67,skill-security,advanced,7.3,false,2026-06-02T10:54:07.657708+00:00,import_seed,Pulse RH,2026-03-21T10:54:07.657709+00:00,2026-05-23T10:54:07.657710+00:00,66.1
employee-skill-emp-68-1,emp-68,skill-react,intermediate,2.4,true,2026-04-21T10:54:07.657714+00:00,import_seed,Pulse RH,2026-06-04T10:54:07.657715+00:00,2026-05-23T10:54:07.657716+00:00,74.7
employee-skill-emp-68-2,emp-68,skill-python,expert,4.3,false,2026-02-17T10:54:07.657718+00:00,import_seed,Pulse RH,2026-05-01T10:54:07.657719+00:00,2026-06-11T10:54:07.657720+00:00,93.0
employee-skill-emp-68-3,emp-68,skill-onboarding,intermediate,3.8,false,2025-12-29T10:54:07.657722+00:00,import_seed,Pulse RH,2026-05-04T10:54:07.657724+00:00,2026-06-10T10:54:07.657725+00:00,97.4
employee-skill-emp-69-1,emp-69,skill-payroll,intermediate,5.8,true,2026-03-01T10:54:07.657728+00:00,import_seed,Pulse RH,2026-05-25T10:54:07.657729+00:00,2026-05-16T10:54:07.657730+00:00,74.3
employee-skill-emp-69-2,emp-69,skill-python,advanced,3.5,false,2025-12-16T10:54:07.657732+00:00,import_seed,Pulse RH,2026-03-25T10:54:07.657733+00:00,2026-05-19T10:54:07.657734+00:00,94.8
employee-skill-emp-69-3,emp-69,skill-communication,intermediate,4.1,false,2025-12-05T10:54:07.657736+00:00,import_seed,Pulse RH,2026-05-02T10:54:07.657738+00:00,2026-05-25T10:54:07.657739+00:00,96.1
employee-skill-emp-70-1,emp-70,skill-communication,beginner,5.2,true,2026-01-11T10:54:07.657742+00:00,import_seed,Pulse RH,2026-05-18T10:54:07.657743+00:00,2026-05-04T10:54:07.657744+00:00,69.0
employee-skill-emp-70-2,emp-70,skill-data,intermediate,5.4,false,2025-12-20T10:54:07.657746+00:00,import_seed,Pulse RH,2026-06-05T10:54:07.657748+00:00,2026-05-30T10:54:07.657749+00:00,75.5
employee-skill-emp-70-3,emp-70,skill-management,expert,0.6,false,2026-04-19T10:54:07.657751+00:00,import_seed,Pulse RH,2026-04-03T10:54:07.657752+00:00,2026-05-25T10:54:07.657753+00:00,86.2
employee-skill-emp-71-1,emp-71,skill-management,intermediate,5.5,true,2026-03-18T10:54:07.657756+00:00,import_seed,Pulse RH,2026-05-02T10:54:07.657758+00:00,2026-05-12T10:54:07.657759+00:00,82.4
employee-skill-emp-71-2,emp-71,skill-communication,beginner,5.7,false,2026-05-19T10:54:07.657761+00:00,import_seed,Pulse RH,2026-05-19T10:54:07.657762+00:00,2026-05-27T10:54:07.657763+00:00,82.6
employee-skill-emp-71-3,emp-71,skill-onboarding,advanced,6.0,false,2025-12-14T10:54:07.657765+00:00,import_seed,Pulse RH,2026-03-28T10:54:07.657766+00:00,2026-05-19T10:54:07.657767+00:00,90.4
employee-skill-emp-72-1,emp-72,skill-onboarding,beginner,7.9,true,2025-12-29T10:54:07.657770+00:00,import_seed,Pulse RH,2026-04-09T10:54:07.657771+00:00,2026-06-01T10:54:07.657772+00:00,92.0
employee-skill-emp-72-2,emp-72,skill-payroll,expert,5.7,false,2026-03-02T10:54:07.657775+00:00,import_seed,Pulse RH,2026-04-13T10:54:07.657776+00:00,2026-05-31T10:54:07.657777+00:00,82.3
employee-skill-emp-72-3,emp-72,skill-security,expert,3.6,false,2026-05-24T10:54:07.657779+00:00,import_seed,Pulse RH,2026-04-27T10:54:07.657780+00:00,2026-06-07T10:54:07.657781+00:00,94.0
employee-skill-emp-73-1,emp-73,skill-react,intermediate,1.6,true,2025-12-18T10:54:07.657785+00:00,import_seed,Pulse RH,2026-03-29T10:54:07.657786+00:00,2026-05-04T10:54:07.657787+00:00,70.1
employee-skill-emp-73-2,emp-73,skill-management,intermediate,1.6,false,2026-03-06T10:54:07.657789+00:00,import_seed,Pulse RH,2026-05-09T10:54:07.657790+00:00,2026-05-25T10:54:07.657791+00:00,93.2
employee-skill-emp-73-3,emp-73,skill-python,advanced,5.8,false,2026-02-08T10:54:07.657794+00:00,import_seed,Pulse RH,2026-05-21T10:54:07.657795+00:00,2026-06-16T10:54:07.657796+00:00,90.8
employee-skill-emp-74-1,emp-74,skill-react,advanced,4.1,true,2026-05-25T10:54:07.657799+00:00,import_seed,Pulse RH,2026-04-08T10:54:07.657800+00:00,2026-05-24T10:54:07.657801+00:00,91.7
employee-skill-emp-74-2,emp-74,skill-security,advanced,2.5,false,2025-11-15T10:54:07.657804+00:00,import_seed,Pulse RH,2026-05-03T10:54:07.657805+00:00,2026-05-11T10:54:07.657806+00:00,70.6
employee-skill-emp-74-3,emp-74,skill-communication,intermediate,7.1,false,2026-04-20T10:54:07.657808+00:00,import_seed,Pulse RH,2026-04-09T10:54:07.657809+00:00,2026-05-14T10:54:07.657810+00:00,85.7
employee-skill-emp-75-1,emp-75,skill-security,advanced,4.1,true,2026-03-29T10:54:07.657813+00:00,import_seed,Pulse RH,2026-06-09T10:54:07.657815+00:00,2026-06-08T10:54:07.657816+00:00,66.6
employee-skill-emp-75-2,emp-75,skill-communication,expert,4.4,false,2026-05-17T10:54:07.657818+00:00,import_seed,Pulse RH,2026-05-20T10:54:07.657819+00:00,2026-05-17T10:54:07.657820+00:00,88.8
employee-skill-emp-75-3,emp-75,skill-management,expert,0.8,false,2025-12-17T10:54:07.657822+00:00,import_seed,Pulse RH,2026-04-10T10:54:07.657824+00:00,2026-05-10T10:54:07.657825+00:00,82.9
employee-skill-emp-76-1,emp-76,skill-security,intermediate,4.2,true,2026-02-21T10:54:07.657828+00:00,import_seed,Pulse RH,2026-05-15T10:54:07.657829+00:00,2026-05-06T10:54:07.657830+00:00,78.4
employee-skill-emp-76-2,emp-76,skill-onboarding,expert,1.8,false,2026-01-26T10:54:07.657832+00:00,import_seed,Pulse RH,2026-04-18T10:54:07.657833+00:00,2026-06-08T10:54:07.657834+00:00,92.2
employee-skill-emp-76-3,emp-76,skill-payroll,intermediate,7.0,false,2026-04-20T10:54:07.657836+00:00,import_seed,Pulse RH,2026-05-12T10:54:07.657838+00:00,2026-05-12T10:54:07.657839+00:00,86.2
employee-skill-emp-77-1,emp-77,skill-react,intermediate,0.8,true,2026-04-25T10:54:07.657842+00:00,import_seed,Pulse RH,2026-06-10T10:54:07.657843+00:00,2026-05-16T10:54:07.657844+00:00,78.8
employee-skill-emp-77-2,emp-77,skill-data,advanced,6.8,false,2026-03-09T10:54:07.657846+00:00,import_seed,Pulse RH,2026-05-08T10:54:07.657847+00:00,2026-05-22T10:54:07.657849+00:00,92.8
employee-skill-emp-77-3,emp-77,skill-management,beginner,3.6,false,2026-01-09T10:54:07.657851+00:00,import_seed,Pulse RH,2026-05-25T10:54:07.657852+00:00,2026-05-20T10:54:07.657853+00:00,83.3
employee-skill-emp-78-1,emp-78,skill-management,advanced,7.9,true,2025-12-05T10:54:07.657856+00:00,import_seed,Pulse RH,2026-05-23T10:54:07.657857+00:00,2026-05-16T10:54:07.657858+00:00,97.0
employee-skill-emp-78-2,emp-78,skill-react,intermediate,3.4,false,2026-04-25T10:54:07.657861+00:00,import_seed,Pulse RH,2026-04-27T10:54:07.657862+00:00,2026-06-14T10:54:07.657863+00:00,85.3
employee-skill-emp-78-3,emp-78,skill-payroll,expert,5.9,false,2026-01-02T10:54:07.657865+00:00,import_seed,Pulse RH,2026-05-13T10:54:07.657866+00:00,2026-05-11T10:54:07.657867+00:00,68.4
employee-skill-emp-79-1,emp-79,skill-management,intermediate,3.5,true,2026-02-15T10:54:07.657871+00:00,import_seed,Pulse RH,2026-04-21T10:54:07.657872+00:00,2026-05-10T10:54:07.657873+00:00,72.9
employee-skill-emp-79-2,emp-79,skill-onboarding,expert,0.7,false,2025-12-20T10:54:07.657875+00:00,import_seed,Pulse RH,2026-04-16T10:54:07.657876+00:00,2026-06-12T10:54:07.657877+00:00,93.9
employee-skill-emp-79-3,emp-79,skill-payroll,advanced,7.3,false,2026-04-25T10:54:07.657880+00:00,import_seed,Pulse RH,2026-04-28T10:54:07.657881+00:00,2026-05-04T10:54:07.657882+00:00,67.9
employee-skill-emp-80-1,emp-80,skill-react,advanced,5.7,true,2025-11-29T10:54:07.657885+00:00,import_seed,Pulse RH,2026-03-30T10:54:07.657886+00:00,2026-06-10T10:54:07.657887+00:00,80.5
employee-skill-emp-80-2,emp-80,skill-communication,advanced,0.6,false,2026-01-23T10:54:07.657889+00:00,import_seed,Pulse RH,2026-03-21T10:54:07.657891+00:00,2026-05-19T10:54:07.657892+00:00,69.6
employee-skill-emp-80-3,emp-80,skill-python,advanced,2.2,false,2025-12-30T10:54:07.657894+00:00,import_seed,Pulse RH,2026-06-10T10:54:07.657895+00:00,2026-05-21T10:54:07.657896+00:00,85.9
employee-skill-emp-81-1,emp-81,skill-payroll,expert,4.6,true,2026-05-01T10:54:07.657899+00:00,import_seed,Pulse RH,2026-06-10T10:54:07.657901+00:00,2026-05-07T10:54:07.657902+00:00,75.0
employee-skill-emp-81-2,emp-81,skill-communication,advanced,1.5,false,2026-02-12T10:54:07.657904+00:00,import_seed,Pulse RH,2026-05-31T10:54:07.657905+00:00,2026-05-13T10:54:07.657906+00:00,83.2
employee-skill-emp-81-3,emp-81,skill-security,expert,1.2,false,2026-04-30T10:54:07.657908+00:00,import_seed,Pulse RH,2026-05-01T10:54:07.657909+00:00,2026-06-01T10:54:07.657910+00:00,66.0
employee-skill-emp-82-1,emp-82,skill-security,expert,7.1,true,2026-01-15T10:54:07.657915+00:00,import_seed,Pulse RH,2026-05-01T10:54:07.657916+00:00,2026-05-03T10:54:07.657917+00:00,71.8
employee-skill-emp-82-2,emp-82,skill-onboarding,beginner,2.4,false,2026-04-10T10:54:07.657919+00:00,import_seed,Pulse RH,2026-05-13T10:54:07.657920+00:00,2026-05-08T10:54:07.657921+00:00,91.6
employee-skill-emp-82-3,emp-82,skill-communication,intermediate,1.6,false,2026-03-22T10:54:07.657923+00:00,import_seed,Pulse RH,2026-05-28T10:54:07.657924+00:00,2026-06-12T10:54:07.657926+00:00,67.3
employee-skill-emp-83-1,emp-83,skill-python,expert,2.9,true,2026-03-11T10:54:07.657929+00:00,import_seed,Pulse RH,2026-05-24T10:54:07.657930+00:00,2026-06-15T10:54:07.657931+00:00,81.6
employee-skill-emp-83-2,emp-83,skill-security,expert,3.8,false,2026-05-28T10:54:07.657933+00:00,import_seed,Pulse RH,2026-05-20T10:54:07.657935+00:00,2026-06-10T10:54:07.657936+00:00,65.5
employee-skill-emp-83-3,emp-83,skill-communication,intermediate,7.7,false,2026-01-05T10:54:07.657938+00:00,import_seed,Pulse RH,2026-03-31T10:54:07.657939+00:00,2026-06-09T10:54:07.657940+00:00,65.7
employee-skill-emp-84-1,emp-84,skill-onboarding,intermediate,4.5,true,2026-04-15T10:54:07.657943+00:00,import_seed,Pulse RH,2026-05-07T10:54:07.657944+00:00,2026-05-06T10:54:07.657945+00:00,87.6
employee-skill-emp-84-2,emp-84,skill-security,advanced,7.6,false,2026-05-25T10:54:07.657947+00:00,import_seed,Pulse RH,2026-04-19T10:54:07.657948+00:00,2026-06-02T10:54:07.657949+00:00,76.0
employee-skill-emp-84-3,emp-84,skill-payroll,intermediate,1.9,false,2025-12-01T10:54:07.657952+00:00,import_seed,Pulse RH,2026-04-08T10:54:07.657953+00:00,2026-05-29T10:54:07.657954+00:00,83.3
employee-skill-emp-85-1,emp-85,skill-management,advanced,2.4,true,2025-12-11T10:54:07.657956+00:00,import_seed,Pulse RH,2026-04-06T10:54:07.657957+00:00,2026-06-11T10:54:07.657958+00:00,72.9
employee-skill-emp-85-2,emp-85,skill-communication,beginner,4.0,false,2026-02-11T10:54:07.657960+00:00,import_seed,Pulse RH,2026-04-08T10:54:07.657962+00:00,2026-06-06T10:54:07.657963+00:00,71.8
employee-skill-emp-85-3,emp-85,skill-security,beginner,5.1,false,2026-01-19T10:54:07.657965+00:00,import_seed,Pulse RH,2026-06-06T10:54:07.657967+00:00,2026-05-15T10:54:07.657968+00:00,66.7
employee-skill-emp-86-1,emp-86,skill-onboarding,intermediate,3.2,true,2026-02-12T10:54:07.657970+00:00,import_seed,Pulse RH,2026-05-12T10:54:07.657971+00:00,2026-05-06T10:54:07.657973+00:00,72.1
employee-skill-emp-86-2,emp-86,skill-payroll,advanced,6.9,false,2026-04-10T10:54:07.657975+00:00,import_seed,Pulse RH,2026-05-11T10:54:07.657976+00:00,2026-05-20T10:54:07.657977+00:00,83.6
employee-skill-emp-86-3,emp-86,skill-security,beginner,1.5,false,2026-05-11T10:54:07.657979+00:00,import_seed,Pulse RH,2026-05-31T10:54:07.657980+00:00,2026-06-12T10:54:07.657981+00:00,83.2
employee-skill-emp-87-1,emp-87,skill-management,advanced,3.2,true,2026-01-12T10:54:07.657985+00:00,import_seed,Pulse RH,2026-06-08T10:54:07.657986+00:00,2026-05-12T10:54:07.657987+00:00,93.1
employee-skill-emp-87-2,emp-87,skill-onboarding,expert,3.9,false,2026-02-24T10:54:07.657989+00:00,import_seed,Pulse RH,2026-03-24T10:54:07.657990+00:00,2026-05-10T10:54:07.657991+00:00,96.9
employee-skill-emp-87-3,emp-87,skill-payroll,intermediate,4.6,false,2026-05-03T10:54:07.657993+00:00,import_seed,Pulse RH,2026-03-28T10:54:07.657995+00:00,2026-06-02T10:54:07.657996+00:00,92.8
employee-skill-emp-88-1,emp-88,skill-onboarding,beginner,3.9,true,2026-02-22T10:54:07.657998+00:00,import_seed,Pulse RH,2026-04-07T10:54:07.657999+00:00,2026-05-03T10:54:07.658001+00:00,90.5
employee-skill-emp-88-2,emp-88,skill-payroll,beginner,6.1,false,2026-05-09T10:54:07.658003+00:00,import_seed,Pulse RH,2026-03-27T10:54:07.658004+00:00,2026-05-10T10:54:07.658005+00:00,96.4
employee-skill-emp-88-3,emp-88,skill-security,intermediate,1.7,false,2025-11-21T10:54:07.658007+00:00,import_seed,Pulse RH,2026-05-28T10:54:07.658008+00:00,2026-05-26T10:54:07.658009+00:00,97.0
employee-skill-emp-89-1,emp-89,skill-management,advanced,2.3,true,2026-01-14T10:54:07.658012+00:00,import_seed,Pulse RH,2026-05-25T10:54:07.658013+00:00,2026-06-04T10:54:07.658014+00:00,72.4
employee-skill-emp-89-2,emp-89,skill-communication,expert,1.6,false,2026-03-03T10:54:07.658016+00:00,import_seed,Pulse RH,2026-06-03T10:54:07.658017+00:00,2026-06-10T10:54:07.658018+00:00,96.1
employee-skill-emp-89-3,emp-89,skill-security,intermediate,4.3,false,2026-05-30T10:54:07.658021+00:00,import_seed,Pulse RH,2026-03-27T10:54:07.658022+00:00,2026-05-06T10:54:07.658023+00:00,70.3
employee-skill-emp-90-1,emp-90,skill-management,advanced,2.0,true,2025-12-08T10:54:07.658026+00:00,import_seed,Pulse RH,2026-04-08T10:54:07.658028+00:00,2026-05-06T10:54:07.658029+00:00,75.1
employee-skill-emp-90-2,emp-90,skill-security,expert,0.8,false,2026-01-19T10:54:07.658031+00:00,import_seed,Pulse RH,2026-06-01T10:54:07.658032+00:00,2026-05-28T10:54:07.658033+00:00,72.1
employee-skill-emp-90-3,emp-90,skill-python,expert,1.5,false,2026-02-19T10:54:07.658035+00:00,import_seed,Pulse RH,2026-06-09T10:54:07.658036+00:00,2026-06-14T10:54:07.658037+00:00,87.1
employee-skill-emp-91-1,emp-91,skill-payroll,beginner,4.1,true,2026-05-10T10:54:07.658041+00:00,import_seed,Pulse RH,2026-03-20T10:54:07.658042+00:00,2026-05-28T10:54:07.658043+00:00,84.4
employee-skill-emp-91-2,emp-91,skill-react,advanced,4.5,false,2026-03-28T10:54:07.658045+00:00,import_seed,Pulse RH,2026-04-01T10:54:07.658046+00:00,2026-05-21T10:54:07.658047+00:00,92.9
employee-skill-emp-91-3,emp-91,skill-python,advanced,0.5,false,2026-01-22T10:54:07.658049+00:00,import_seed,Pulse RH,2026-04-13T10:54:07.658050+00:00,2026-05-16T10:54:07.658052+00:00,72.6
employee-skill-emp-92-1,emp-92,skill-onboarding,advanced,1.5,true,2026-05-25T10:54:07.658054+00:00,import_seed,Pulse RH,2026-04-23T10:54:07.658055+00:00,2026-06-14T10:54:07.658056+00:00,93.9
employee-skill-emp-92-2,emp-92,skill-payroll,expert,5.1,false,2026-04-07T10:54:07.658058+00:00,import_seed,Pulse RH,2026-03-26T10:54:07.658059+00:00,2026-05-20T10:54:07.658060+00:00,91.4
employee-skill-emp-92-3,emp-92,skill-security,beginner,1.6,false,2026-03-28T10:54:07.658062+00:00,import_seed,Pulse RH,2026-05-20T10:54:07.658064+00:00,2026-06-10T10:54:07.658065+00:00,84.8
employee-skill-emp-93-1,emp-93,skill-payroll,intermediate,4.2,true,2025-11-21T10:54:07.658068+00:00,import_seed,Pulse RH,2026-05-12T10:54:07.658069+00:00,2026-05-06T10:54:07.658070+00:00,94.6
employee-skill-emp-93-2,emp-93,skill-python,intermediate,7.0,false,2026-05-24T10:54:07.658072+00:00,import_seed,Pulse RH,2026-05-21T10:54:07.658073+00:00,2026-05-07T10:54:07.658074+00:00,86.1
employee-skill-emp-93-3,emp-93,skill-communication,expert,5.5,false,2026-01-27T10:54:07.658076+00:00,import_seed,Pulse RH,2026-05-08T10:54:07.658078+00:00,2026-06-03T10:54:07.658079+00:00,65.9
employee-skill-emp-94-1,emp-94,skill-onboarding,intermediate,2.9,true,2026-03-25T10:54:07.658082+00:00,import_seed,Pulse RH,2026-05-12T10:54:07.658083+00:00,2026-05-14T10:54:07.658084+00:00,77.6
employee-skill-emp-94-2,emp-94,skill-payroll,expert,5.4,false,2026-01-18T10:54:07.658086+00:00,import_seed,Pulse RH,2026-04-20T10:54:07.658087+00:00,2026-06-08T10:54:07.658088+00:00,83.3
employee-skill-emp-94-3,emp-94,skill-communication,beginner,1.2,false,2026-01-07T10:54:07.658090+00:00,import_seed,Pulse RH,2026-03-31T10:54:07.658092+00:00,2026-05-26T10:54:07.658093+00:00,97.6
employee-skill-emp-95-1,emp-95,skill-management,beginner,1.4,true,2026-03-04T10:54:07.658096+00:00,import_seed,Pulse RH,2026-04-14T10:54:07.658097+00:00,2026-05-22T10:54:07.658098+00:00,69.4
employee-skill-emp-95-2,emp-95,skill-python,intermediate,5.3,false,2026-05-06T10:54:07.658100+00:00,import_seed,Pulse RH,2026-05-25T10:54:07.658101+00:00,2026-05-13T10:54:07.658102+00:00,71.1
employee-skill-emp-95-3,emp-95,skill-react,advanced,4.3,false,2025-12-24T10:54:07.658105+00:00,import_seed,Pulse RH,2026-04-12T10:54:07.658106+00:00,2026-05-27T10:54:07.658107+00:00,78.1
employee-skill-emp-96-1,emp-96,skill-management,advanced,6.4,true,2026-04-03T10:54:07.658110+00:00,import_seed,Pulse RH,2026-04-17T10:54:07.658111+00:00,2026-06-01T10:54:07.658112+00:00,94.5
employee-skill-emp-96-2,emp-96,skill-onboarding,intermediate,7.7,false,2025-12-02T10:54:07.658114+00:00,import_seed,Pulse RH,2026-04-27T10:54:07.658115+00:00,2026-05-25T10:54:07.658116+00:00,94.7
employee-skill-emp-96-3,emp-96,skill-security,advanced,7.4,false,2026-05-14T10:54:07.658118+00:00,import_seed,Pulse RH,2026-05-09T10:54:07.658120+00:00,2026-05-11T10:54:07.658121+00:00,77.6
employee-skill-emp-97-1,emp-97,skill-payroll,intermediate,0.8,true,2025-12-19T10:54:07.658124+00:00,import_seed,Pulse RH,2026-04-03T10:54:07.658125+00:00,2026-06-15T10:54:07.658126+00:00,90.7
employee-skill-emp-97-2,emp-97,skill-onboarding,expert,6.4,false,2026-05-15T10:54:07.658128+00:00,import_seed,Pulse RH,2026-05-31T10:54:07.658129+00:00,2026-06-06T10:54:07.658130+00:00,70.1
employee-skill-emp-97-3,emp-97,skill-communication,expert,4.6,false,2026-02-02T10:54:07.658132+00:00,import_seed,Pulse RH,2026-06-05T10:54:07.658134+00:00,2026-05-26T10:54:07.658135+00:00,82.4
employee-skill-emp-98-1,emp-98,skill-react,expert,1.6,true,2026-03-26T10:54:07.658138+00:00,import_seed,Pulse RH,2026-05-05T10:54:07.658139+00:00,2026-05-08T10:54:07.658140+00:00,92.9
employee-skill-emp-98-2,emp-98,skill-management,beginner,7.6,false,2026-03-24T10:54:07.658142+00:00,import_seed,Pulse RH,2026-04-10T10:54:07.658143+00:00,2026-05-18T10:54:07.658144+00:00,72.9
employee-skill-emp-98-3,emp-98,skill-onboarding,expert,1.6,false,2026-04-20T10:54:07.658146+00:00,import_seed,Pulse RH,2026-06-10T10:54:07.658147+00:00,2026-05-19T10:54:07.658149+00:00,91.5
employee-skill-emp-99-1,emp-99,skill-python,beginner,2.8,true,2026-04-24T10:54:07.658154+00:00,import_seed,Pulse RH,2026-05-08T10:54:07.658155+00:00,2026-05-24T10:54:07.658156+00:00,85.7
employee-skill-emp-99-2,emp-99,skill-react,expert,4.1,false,2026-04-21T10:54:07.658159+00:00,import_seed,Pulse RH,2026-05-16T10:54:07.658160+00:00,2026-06-09T10:54:07.658161+00:00,86.3
employee-skill-emp-99-3,emp-99,skill-onboarding,beginner,4.5,false,2026-02-04T10:54:07.658163+00:00,import_seed,Pulse RH,2026-04-08T10:54:07.658164+00:00,2026-05-24T10:54:07.658165+00:00,66.5
employee-skill-emp-100-1,emp-100,skill-management,beginner,3.9,true,2026-03-24T10:54:07.658168+00:00,import_seed,Pulse RH,2026-05-22T10:54:07.658169+00:00,2026-05-25T10:54:07.658170+00:00,93.0
employee-skill-emp-100-2,emp-100,skill-react,beginner,2.9,false,2026-01-14T10:54:07.658173+00:00,import_seed,Pulse RH,2026-04-22T10:54:07.658174+00:00,2026-05-17T10:54:07.658175+00:00,66.5
employee-skill-emp-100-3,emp-100,skill-python,intermediate,2.8,false,2025-11-26T10:54:07.658178+00:00,import_seed,Pulse RH,2026-04-21T10:54:07.658179+00:00,2026-05-21T10:54:07.658180+00:00,68.8
