id,employee_id,title,description,status,progress_pct,due_date,created_at
perf-obj-emp-demo-youssef-past-0,emp-demo-youssef,Consolider les indicateurs de qualité de livraison,Objectif passé complété.,completed,100,2026-10-24,2026-05-12T00:00:00+00:00
perf-obj-emp-demo-youssef-past-1,emp-demo-youssef,Structurer un plan de progression métier,Objectif passé complété.,completed,100,2026-06-11,2026-05-12T00:00:00+00:00
perf-obj-emp-demo-youssef-past-2,emp-demo-youssef,Structurer un plan de progression métier,Objectif passé complété.,completed,100,2026-06-11,2026-05-12T00:00:00+00:00
perf-obj-emp-demo-youssef-current-0,emp-demo-youssef,Améliorer la satisfaction client interne,Objectif en cours du semestre.,blocked,28,2026-09-26,2026-04-29T19:41:25.242754+00:00
perf-obj-emp-demo-youssef-current-1,emp-demo-youssef,Structurer un plan de progression métier,Objectif en cours du semestre.,planned,42,2026-10-15,2026-05-07T19:41:25.242780+00:00
perf-obj-emp-demo-fatima-past-0,emp-demo-fatima,Partager les connaissances sur les projets actifs,Objectif passé complété.,completed,100,2026-05-11,2026-02-04T00:00:00+00:00
perf-obj-emp-demo-fatima-past-1,emp-demo-fatima,Structurer un plan de progression métier,Objectif passé complété.,completed,100,2026-03-10,2026-01-11T00:00:00+00:00
perf-obj-emp-demo-fatima-past-2,emp-demo-fatima,Réduire le temps de cycle sur les livrables,Objectif passé complété.,completed,100,2026-07-01,2026-01-16T00:00:00+00:00
perf-obj-emp-demo-fatima-current-0,emp-demo-fatima,Structurer un plan de progression métier,Objectif en cours du semestre.,blocked,61,2026-10-28,2026-04-26T19:41:25.242857+00:00
perf-obj-emp-demo-fatima-current-1,emp-demo-fatima,Fluidifier les rituels de collaboration,Objectif en cours du semestre.,in_progress,80,2026-09-29,2026-05-18T19:41:25.242887+00:00
perf-obj-emp-demo-karim-past-0,emp-demo-karim,Réduire le temps de cycle sur les livrables,Objectif passé complété.,completed,100,2025-08-07,2025-02-15T00:00:00+00:00
perf-obj-emp-demo-karim-past-1,emp-demo-karim,Fluidifier les rituels de collaboration,Objectif passé complété.,completed,100,2025-08-07,2025-04-14T00:00:00+00:00
perf-obj-emp-demo-karim-past-2,emp-demo-karim,Monter en expertise sur le périmètre équipe,Objectif passé complété.,completed,100,2026-04-26,2025-12-28T00:00:00+00:00
perf-obj-emp-demo-karim-past-3,emp-demo-karim,Monter en expertise sur le périmètre équipe,Objectif passé complété.,completed,100,2025-07-16,2025-03-27T00:00:00+00:00
perf-obj-emp-demo-karim-current-0,emp-demo-karim,Consolider les indicateurs de qualité de livraison,Objectif en cours du semestre.,planned,79,2026-07-26,2026-04-14T19:41:25.242978+00:00
perf-obj-emp-demo-karim-current-1,emp-demo-karim,Partager les connaissances sur les projets actifs,Objectif en cours du semestre.,in_progress,21,2026-08-11,2026-05-25T19:41:25.242988+00:00
perf-obj-emp-demo-sara-past-0,emp-demo-sara,Partager les connaissances sur les projets actifs,Objectif passé complété.,completed,100,2023-09-06,2023-08-02T00:00:00+00:00
perf-obj-emp-demo-sara-current-0,emp-demo-sara,Sécuriser les bonnes pratiques sécurité et RGPD,Objectif en cours du semestre.,in_progress,28,2026-07-09,2026-03-30T19:41:25.243009+00:00
perf-obj-emp-demo-sara-current-1,emp-demo-sara,Monter en expertise sur le périmètre équipe,Objectif en cours du semestre.,blocked,50,2026-08-16,2026-04-30T19:41:25.243018+00:00
perf-obj-emp-demo-admin-past-0,emp-demo-admin,Consolider les indicateurs de qualité de livraison,Objectif passé complété.,completed,100,2025-11-18,2025-07-08T00:00:00+00:00
perf-obj-emp-demo-admin-past-1,emp-demo-admin,Monter en expertise sur le périmètre équipe,Objectif passé complété.,completed,100,2025-03-01,2025-01-01T00:00:00+00:00
perf-obj-emp-demo-admin-past-2,emp-demo-admin,Structurer un plan de progression métier,Objectif passé complété.,completed,100,2026-03-20,2025-11-22T00:00:00+00:00
perf-obj-emp-demo-admin-past-3,emp-demo-admin,Améliorer la satisfaction client interne,Objectif passé complété.,completed,100,2024-11-11,2024-07-07T00:00:00+00:00
perf-obj-emp-demo-admin-current-0,emp-demo-admin,Améliorer la satisfaction client interne,Objectif en cours du semestre.,in_progress,36,2026-11-02,2026-05-15T19:41:25.243064+00:00
perf-obj-emp-demo-admin-current-1,emp-demo-admin,Structurer un plan de progression métier,Objectif en cours du semestre.,blocked,43,2026-09-15,2026-06-05T19:41:25.243073+00:00
perf-obj-emp-1-past-0,emp-1,Améliorer la satisfaction client interne,Objectif passé complété.,completed,100,2026-05-30,2026-01-21T00:00:00+00:00
perf-obj-emp-1-past-1,emp-1,Structurer un plan de progression métier,Objectif passé complété.,completed,100,2023-05-08,2023-03-20T00:00:00+00:00
perf-obj-emp-1-current-0,emp-1,Sécuriser les bonnes pratiques sécurité et RGPD,Objectif en cours du semestre.,in_progress,14,2026-11-09,2026-05-08T19:41:25.243110+00:00
perf-obj-emp-1-current-1,emp-1,Sécuriser les bonnes pratiques sécurité et RGPD,Objectif en cours du semestre.,in_progress,48,2026-09-30,2026-05-08T19:41:25.243119+00:00
perf-obj-emp-2-past-0,emp-2,Consolider les indicateurs de qualité de livraison,Objectif passé complété.,completed,100,2025-10-10,2025-04-25T00:00:00+00:00
perf-obj-emp-2-past-1,emp-2,Monter en expertise sur le périmètre équipe,Objectif passé complété.,completed,100,2025-11-29,2025-06-10T00:00:00+00:00
perf-obj-emp-2-past-2,emp-2,Sécuriser les bonnes pratiques sécurité et RGPD,Objectif passé complété.,completed,100,2025-11-21,2025-09-17T00:00:00+00:00
perf-obj-emp-2-current-0,emp-2,Fluidifier les rituels de collaboration,Objectif en cours du semestre.,in_progress,30,2026-10-26,2026-04-12T19:41:25.243156+00:00
perf-obj-emp-2-current-1,emp-2,Fluidifier les rituels de collaboration,Objectif en cours du semestre.,planned,65,2026-07-16,2026-05-12T19:41:25.243166+00:00
perf-obj-emp-3-past-0,emp-3,Fluidifier les rituels de collaboration,Objectif passé complété.,completed,100,2026-01-12,2025-11-20T00:00:00+00:00
perf-obj-emp-3-past-1,emp-3,Partager les connaissances sur les projets actifs,Objectif passé complété.,completed,100,2025-03-06,2025-01-11T00:00:00+00:00
perf-obj-emp-3-past-2,emp-3,Fluidifier les rituels de collaboration,Objectif passé complété.,completed,100,2026-01-17,2025-11-01T00:00:00+00:00
perf-obj-emp-3-past-3,emp-3,Sécuriser les bonnes pratiques sécurité et RGPD,Objectif passé complété.,completed,100,2023-04-01,2023-01-04T00:00:00+00:00
perf-obj-emp-3-current-0,emp-3,Structurer un plan de progression métier,Objectif en cours du semestre.,in_progress,75,2026-09-25,2026-05-11T19:41:25.243309+00:00
perf-obj-emp-3-current-1,emp-3,Structurer un plan de progression métier,Objectif en cours du semestre.,planned,18,2026-07-09,2026-04-27T19:41:25.243319+00:00
perf-obj-emp-4-past-0,emp-4,Monter en expertise sur le périmètre équipe,Objectif passé complété.,completed,100,2026-05-21,2025-12-22T00:00:00+00:00
perf-obj-emp-4-past-1,emp-4,Structurer un plan de progression métier,Objectif passé complété.,completed,100,2024-07-25,2024-05-20T00:00:00+00:00
perf-obj-emp-4-current-0,emp-4,Monter en expertise sur le périmètre équipe,Objectif en cours du semestre.,in_progress,56,2026-09-28,2026-05-08T19:41:25.243350+00:00
perf-obj-emp-4-current-1,emp-4,Monter en expertise sur le périmètre équipe,Objectif en cours du semestre.,blocked,54,2026-08-09,2026-03-27T19:41:25.243359+00:00
perf-obj-emp-5-past-0,emp-5,Consolider les indicateurs de qualité de livraison,Objectif passé complété.,completed,100,2024-05-07,2024-02-13T00:00:00+00:00
perf-obj-emp-5-current-0,emp-5,Partager les connaissances sur les projets actifs,Objectif en cours du semestre.,in_progress,70,2026-10-03,2026-06-05T19:41:25.243379+00:00
perf-obj-emp-5-current-1,emp-5,Structurer un plan de progression métier,Objectif en cours du semestre.,blocked,66,2026-07-24,2026-03-26T19:41:25.243395+00:00
perf-obj-emp-6-past-0,emp-6,Monter en expertise sur le périmètre équipe,Objectif passé complété.,completed,100,2024-10-13,2024-08-07T00:00:00+00:00
perf-obj-emp-6-past-1,emp-6,Fluidifier les rituels de collaboration,Objectif passé complété.,completed,100,2025-07-28,2025-04-28T00:00:00+00:00
perf-obj-emp-6-past-2,emp-6,Structurer un plan de progression métier,Objectif passé complété.,completed,100,2025-02-08,2024-11-02T00:00:00+00:00
perf-obj-emp-6-past-3,emp-6,Partager les connaissances sur les projets actifs,Objectif passé complété.,completed,100,2024-04-01,2024-01-25T00:00:00+00:00
perf-obj-emp-6-current-0,emp-6,Réduire le temps de cycle sur les livrables,Objectif en cours du semestre.,in_progress,41,2026-09-12,2026-06-04T19:41:25.243441+00:00
perf-obj-emp-6-current-1,emp-6,Sécuriser les bonnes pratiques sécurité et RGPD,Objectif en cours du semestre.,planned,76,2026-09-26,2026-05-10T19:41:25.243450+00:00
perf-obj-emp-7-past-0,emp-7,Fluidifier les rituels de collaboration,Objectif passé complété.,completed,100,2024-09-07,2024-05-26T00:00:00+00:00
perf-obj-emp-7-current-0,emp-7,Améliorer la satisfaction client interne,Objectif en cours du semestre.,planned,78,2026-11-10,2026-03-30T19:41:25.243470+00:00
perf-obj-emp-7-current-1,emp-7,Fluidifier les rituels de collaboration,Objectif en cours du semestre.,blocked,47,2026-07-27,2026-05-15T19:41:25.243478+00:00
perf-obj-emp-8-past-0,emp-8,Sécuriser les bonnes pratiques sécurité et RGPD,Objectif passé complété.,completed,100,2026-05-26,2026-03-15T00:00:00+00:00
perf-obj-emp-8-past-1,emp-8,Structurer un plan de progression métier,Objectif passé complété.,completed,100,2026-06-12,2026-02-18T00:00:00+00:00
perf-obj-emp-8-past-2,emp-8,Consolider les indicateurs de qualité de livraison,Objectif passé complété.,completed,100,2026-04-27,2026-02-02T00:00:00+00:00
perf-obj-emp-8-past-3,emp-8,Sécuriser les bonnes pratiques sécurité et RGPD,Objectif passé complété.,completed,100,2026-08-18,2026-03-18T00:00:00+00:00
perf-obj-emp-8-current-0,emp-8,Réduire le temps de cycle sur les livrables,Objectif en cours du semestre.,blocked,18,2026-10-13,2026-05-29T19:41:25.243522+00:00
perf-obj-emp-8-current-1,emp-8,Fluidifier les rituels de collaboration,Objectif en cours du semestre.,in_progress,71,2026-08-19,2026-05-30T19:41:25.243531+00:00
perf-obj-emp-9-past-0,emp-9,Monter en expertise sur le périmètre équipe,Objectif passé complété.,completed,100,2024-01-06,2023-11-15T00:00:00+00:00
perf-obj-emp-9-past-1,emp-9,Fluidifier les rituels de collaboration,Objectif passé complété.,completed,100,2023-01-10,2022-10-28T00:00:00+00:00
perf-obj-emp-9-current-0,emp-9,Améliorer la satisfaction client interne,Objectif en cours du semestre.,blocked,82,2026-09-14,2026-05-23T19:41:25.243558+00:00
perf-obj-emp-9-current-1,emp-9,Sécuriser les bonnes pratiques sécurité et RGPD,Objectif en cours du semestre.,in_progress,50,2026-09-17,2026-04-14T19:41:25.243568+00:00
perf-obj-emp-10-past-0,emp-10,Consolider les indicateurs de qualité de livraison,Objectif passé complété.,completed,100,2024-01-19,2023-08-02T00:00:00+00:00
perf-obj-emp-10-past-1,emp-10,Monter en expertise sur le périmètre équipe,Objectif passé complété.,completed,100,2025-04-11,2025-02-20T00:00:00+00:00
perf-obj-emp-10-past-2,emp-10,Consolider les indicateurs de qualité de livraison,Objectif passé complété.,completed,100,2026-02-12,2025-09-12T00:00:00+00:00
perf-obj-emp-10-past-3,emp-10,Améliorer la satisfaction client interne,Objectif passé complété.,completed,100,2024-10-27,2024-06-16T00:00:00+00:00
perf-obj-emp-10-current-0,emp-10,Réduire le temps de cycle sur les livrables,Objectif en cours du semestre.,in_progress,22,2026-10-01,2026-03-28T19:41:25.243617+00:00
perf-obj-emp-10-current-1,emp-10,Réduire le temps de cycle sur les livrables,Objectif en cours du semestre.,blocked,69,2026-09-07,2026-05-10T19:41:25.243626+00:00
perf-obj-emp-11-past-0,emp-11,Fluidifier les rituels de collaboration,Objectif passé complété.,completed,100,2026-05-17,2026-01-22T00:00:00+00:00
perf-obj-emp-11-past-1,emp-11,Réduire le temps de cycle sur les livrables,Objectif passé complété.,completed,100,2026-03-26,2026-01-30T00:00:00+00:00
perf-obj-emp-11-past-2,emp-11,Partager les connaissances sur les projets actifs,Objectif passé complété.,completed,100,2025-06-26,2025-05-18T00:00:00+00:00
perf-obj-emp-11-past-3,emp-11,Structurer un plan de progression métier,Objectif passé complété.,completed,100,2026-04-21,2025-11-03T00:00:00+00:00
perf-obj-emp-11-current-0,emp-11,Structurer un plan de progression métier,Objectif en cours du semestre.,planned,63,2026-10-24,2026-05-29T19:41:25.243675+00:00
perf-obj-emp-11-current-1,emp-11,Améliorer la satisfaction client interne,Objectif en cours du semestre.,in_progress,54,2026-08-05,2026-04-17T19:41:25.243686+00:00
perf-obj-emp-12-past-0,emp-12,Consolider les indicateurs de qualité de livraison,Objectif passé complété.,completed,100,2026-01-13,2025-11-03T00:00:00+00:00
perf-obj-emp-12-current-0,emp-12,Fluidifier les rituels de collaboration,Objectif en cours du semestre.,in_progress,81,2026-08-31,2026-04-21T19:41:25.243705+00:00
perf-obj-emp-12-current-1,emp-12,Partager les connaissances sur les projets actifs,Objectif en cours du semestre.,blocked,67,2026-10-28,2026-03-29T19:41:25.243713+00:00
perf-obj-emp-13-past-0,emp-13,Améliorer la satisfaction client interne,Objectif passé complété.,completed,100,2026-08-09,2026-03-14T00:00:00+00:00
perf-obj-emp-13-past-1,emp-13,Réduire le temps de cycle sur les livrables,Objectif passé complété.,completed,100,2025-12-30,2025-07-25T00:00:00+00:00
perf-obj-emp-13-current-0,emp-13,Monter en expertise sur le périmètre équipe,Objectif en cours du semestre.,in_progress,51,2026-08-12,2026-05-30T19:41:25.243740+00:00
perf-obj-emp-13-current-1,emp-13,Structurer un plan de progression métier,Objectif en cours du semestre.,blocked,34,2026-10-09,2026-05-06T19:41:25.243748+00:00
perf-obj-emp-14-past-0,emp-14,Monter en expertise sur le périmètre équipe,Objectif passé complété.,completed,100,2025-01-17,2024-08-22T00:00:00+00:00
perf-obj-emp-14-past-1,emp-14,Monter en expertise sur le périmètre équipe,Objectif passé complété.,completed,100,2024-09-09,2024-04-02T00:00:00+00:00
perf-obj-emp-14-current-0,emp-14,Monter en expertise sur le périmètre équipe,Objectif en cours du semestre.,planned,70,2026-10-11,2026-06-05T19:41:25.243780+00:00
perf-obj-emp-14-current-1,emp-14,Réduire le temps de cycle sur les livrables,Objectif en cours du semestre.,in_progress,43,2026-10-20,2026-04-11T19:41:25.243789+00:00
perf-obj-emp-15-past-0,emp-15,Fluidifier les rituels de collaboration,Objectif passé complété.,completed,100,2026-07-30,2026-02-23T00:00:00+00:00
perf-obj-emp-15-past-1,emp-15,Fluidifier les rituels de collaboration,Objectif passé complété.,completed,100,2024-08-15,2024-06-19T00:00:00+00:00
perf-obj-emp-15-past-2,emp-15,Consolider les indicateurs de qualité de livraison,Objectif passé complété.,completed,100,2025-11-24,2025-07-13T00:00:00+00:00
perf-obj-emp-15-current-0,emp-15,Améliorer la satisfaction client interne,Objectif en cours du semestre.,in_progress,41,2026-09-01,2026-05-12T19:41:25.243824+00:00
perf-obj-emp-15-current-1,emp-15,Structurer un plan de progression métier,Objectif en cours du semestre.,blocked,57,2026-09-24,2026-03-21T19:41:25.243834+00:00
perf-obj-emp-16-past-0,emp-16,Améliorer la satisfaction client interne,Objectif passé complété.,completed,100,2026-06-16,2026-02-23T00:00:00+00:00
perf-obj-emp-16-current-0,emp-16,Sécuriser les bonnes pratiques sécurité et RGPD,Objectif en cours du semestre.,planned,62,2026-08-23,2026-03-30T19:41:25.243852+00:00
perf-obj-emp-16-current-1,emp-16,Monter en expertise sur le périmètre équipe,Objectif en cours du semestre.,in_progress,39,2026-08-28,2026-04-29T19:41:25.243860+00:00
perf-obj-emp-17-past-0,emp-17,Monter en expertise sur le périmètre équipe,Objectif passé complété.,completed,100,2025-03-20,2024-12-03T00:00:00+00:00
perf-obj-emp-17-past-1,emp-17,Réduire le temps de cycle sur les livrables,Objectif passé complété.,completed,100,2025-10-18,2025-08-22T00:00:00+00:00
perf-obj-emp-17-past-2,emp-17,Partager les connaissances sur les projets actifs,Objectif passé complété.,completed,100,2024-07-28,2024-03-22T00:00:00+00:00
perf-obj-emp-17-current-0,emp-17,Fluidifier les rituels de collaboration,Objectif en cours du semestre.,planned,29,2026-10-08,2026-04-25T19:41:25.243902+00:00
perf-obj-emp-17-current-1,emp-17,Monter en expertise sur le périmètre équipe,Objectif en cours du semestre.,planned,81,2026-08-07,2026-05-13T19:41:25.243910+00:00
perf-obj-emp-18-past-0,emp-18,Consolider les indicateurs de qualité de livraison,Objectif passé complété.,completed,100,2025-08-08,2025-03-10T00:00:00+00:00
perf-obj-emp-18-current-0,emp-18,Structurer un plan de progression métier,Objectif en cours du semestre.,blocked,80,2026-09-26,2026-04-01T19:41:25.243979+00:00
perf-obj-emp-18-current-1,emp-18,Sécuriser les bonnes pratiques sécurité et RGPD,Objectif en cours du semestre.,in_progress,69,2026-09-11,2026-06-04T19:41:25.243991+00:00
perf-obj-emp-19-past-0,emp-19,Structurer un plan de progression métier,Objectif passé complété.,completed,100,2024-09-04,2024-06-28T00:00:00+00:00
perf-obj-emp-19-past-1,emp-19,Consolider les indicateurs de qualité de livraison,Objectif passé complété.,completed,100,2024-06-16,2024-05-05T00:00:00+00:00
perf-obj-emp-19-past-2,emp-19,Monter en expertise sur le périmètre équipe,Objectif passé complété.,completed,100,2025-04-20,2024-12-17T00:00:00+00:00
perf-obj-emp-19-current-0,emp-19,Améliorer la satisfaction client interne,Objectif en cours du semestre.,in_progress,61,2026-11-06,2026-05-10T19:41:25.244036+00:00
perf-obj-emp-19-current-1,emp-19,Réduire le temps de cycle sur les livrables,Objectif en cours du semestre.,blocked,47,2026-10-08,2026-03-26T19:41:25.244046+00:00
perf-obj-emp-20-past-0,emp-20,Consolider les indicateurs de qualité de livraison,Objectif passé complété.,completed,100,2025-11-05,2025-09-08T00:00:00+00:00
perf-obj-emp-20-past-1,emp-20,Fluidifier les rituels de collaboration,Objectif passé complété.,completed,100,2025-10-10,2025-08-12T00:00:00+00:00
perf-obj-emp-20-past-2,emp-20,Structurer un plan de progression métier,Objectif passé complété.,completed,100,2025-11-01,2025-06-20T00:00:00+00:00
perf-obj-emp-20-past-3,emp-20,Structurer un plan de progression métier,Objectif passé complété.,completed,100,2026-03-28,2025-11-18T00:00:00+00:00
perf-obj-emp-20-current-0,emp-20,Monter en expertise sur le périmètre équipe,Objectif en cours du semestre.,in_progress,50,2026-10-24,2026-03-27T19:41:25.244090+00:00
perf-obj-emp-20-current-1,emp-20,Consolider les indicateurs de qualité de livraison,Objectif en cours du semestre.,in_progress,57,2026-10-12,2026-05-07T19:41:25.244098+00:00
perf-obj-emp-21-past-0,emp-21,Sécuriser les bonnes pratiques sécurité et RGPD,Objectif passé complété.,completed,100,2023-11-20,2023-09-29T00:00:00+00:00
perf-obj-emp-21-past-1,emp-21,Améliorer la satisfaction client interne,Objectif passé complété.,completed,100,2025-06-01,2024-12-28T00:00:00+00:00
perf-obj-emp-21-past-2,emp-21,Fluidifier les rituels de collaboration,Objectif passé complété.,completed,100,2025-01-25,2024-11-24T00:00:00+00:00
perf-obj-emp-21-current-0,emp-21,Consolider les indicateurs de qualité de livraison,Objectif en cours du semestre.,in_progress,22,2026-07-23,2026-04-22T19:41:25.244134+00:00
perf-obj-emp-21-current-1,emp-21,Monter en expertise sur le périmètre équipe,Objectif en cours du semestre.,in_progress,10,2026-07-22,2026-03-22T19:41:25.244142+00:00
perf-obj-emp-22-past-0,emp-22,Monter en expertise sur le périmètre équipe,Objectif passé complété.,completed,100,2025-09-07,2025-03-13T00:00:00+00:00
perf-obj-emp-22-current-0,emp-22,Sécuriser les bonnes pratiques sécurité et RGPD,Objectif en cours du semestre.,planned,74,2026-10-10,2026-04-06T19:41:25.244167+00:00
perf-obj-emp-22-current-1,emp-22,Réduire le temps de cycle sur les livrables,Objectif en cours du semestre.,in_progress,10,2026-09-09,2026-05-04T19:41:25.244176+00:00
perf-obj-emp-23-past-0,emp-23,Améliorer la satisfaction client interne,Objectif passé complété.,completed,100,2026-04-09,2025-11-29T00:00:00+00:00
perf-obj-emp-23-past-1,emp-23,Monter en expertise sur le périmètre équipe,Objectif passé complété.,completed,100,2025-05-06,2025-02-13T00:00:00+00:00
perf-obj-emp-23-past-2,emp-23,Réduire le temps de cycle sur les livrables,Objectif passé complété.,completed,100,2025-12-25,2025-10-08T00:00:00+00:00
perf-obj-emp-23-current-0,emp-23,Améliorer la satisfaction client interne,Objectif en cours du semestre.,in_progress,64,2026-10-27,2026-05-15T19:41:25.244217+00:00
perf-obj-emp-23-current-1,emp-23,Améliorer la satisfaction client interne,Objectif en cours du semestre.,blocked,71,2026-08-30,2026-03-24T19:41:25.244225+00:00
perf-obj-emp-24-past-0,emp-24,Fluidifier les rituels de collaboration,Objectif passé complété.,completed,100,2025-12-30,2025-09-13T00:00:00+00:00
perf-obj-emp-24-past-1,emp-24,Sécuriser les bonnes pratiques sécurité et RGPD,Objectif passé complété.,completed,100,2025-07-29,2025-06-12T00:00:00+00:00
perf-obj-emp-24-past-2,emp-24,Réduire le temps de cycle sur les livrables,Objectif passé complété.,completed,100,2025-04-22,2024-11-17T00:00:00+00:00
perf-obj-emp-24-current-0,emp-24,Améliorer la satisfaction client interne,Objectif en cours du semestre.,blocked,22,2026-09-12,2026-04-01T19:41:25.244260+00:00
perf-obj-emp-24-current-1,emp-24,Réduire le temps de cycle sur les livrables,Objectif en cours du semestre.,planned,48,2026-08-01,2026-05-22T19:41:25.244269+00:00
perf-obj-emp-25-past-0,emp-25,Fluidifier les rituels de collaboration,Objectif passé complété.,completed,100,2025-06-27,2025-04-19T00:00:00+00:00
perf-obj-emp-25-current-0,emp-25,Structurer un plan de progression métier,Objectif en cours du semestre.,in_progress,53,2026-07-21,2026-04-08T19:41:25.244288+00:00
perf-obj-emp-25-current-1,emp-25,Consolider les indicateurs de qualité de livraison,Objectif en cours du semestre.,in_progress,22,2026-10-31,2026-05-25T19:41:25.244296+00:00
perf-obj-emp-26-past-0,emp-26,Sécuriser les bonnes pratiques sécurité et RGPD,Objectif passé complété.,completed,100,2025-07-22,2025-04-30T00:00:00+00:00
perf-obj-emp-26-past-1,emp-26,Consolider les indicateurs de qualité de livraison,Objectif passé complété.,completed,100,2025-02-03,2024-11-09T00:00:00+00:00
perf-obj-emp-26-current-0,emp-26,Sécuriser les bonnes pratiques sécurité et RGPD,Objectif en cours du semestre.,blocked,19,2026-10-05,2026-04-10T19:41:25.244328+00:00
perf-obj-emp-26-current-1,emp-26,Structurer un plan de progression métier,Objectif en cours du semestre.,in_progress,53,2026-09-24,2026-05-25T19:41:25.244336+00:00
perf-obj-emp-27-past-0,emp-27,Sécuriser les bonnes pratiques sécurité et RGPD,Objectif passé complété.,completed,100,2026-01-16,2025-07-25T00:00:00+00:00
perf-obj-emp-27-past-1,emp-27,Réduire le temps de cycle sur les livrables,Objectif passé complété.,completed,100,2026-05-01,2025-11-07T00:00:00+00:00
perf-obj-emp-27-current-0,emp-27,Fluidifier les rituels de collaboration,Objectif en cours du semestre.,in_progress,19,2026-09-21,2026-05-16T19:41:25.244365+00:00
perf-obj-emp-27-current-1,emp-27,Sécuriser les bonnes pratiques sécurité et RGPD,Objectif en cours du semestre.,blocked,75,2026-07-21,2026-03-27T19:41:25.244378+00:00
perf-obj-emp-28-past-0,emp-28,Améliorer la satisfaction client interne,Objectif passé complété.,completed,100,2024-05-16,2024-02-03T00:00:00+00:00
perf-obj-emp-28-current-0,emp-28,Partager les connaissances sur les projets actifs,Objectif en cours du semestre.,in_progress,20,2026-08-15,2026-05-14T19:41:25.244398+00:00
perf-obj-emp-28-current-1,emp-28,Consolider les indicateurs de qualité de livraison,Objectif en cours du semestre.,planned,65,2026-08-05,2026-04-10T19:41:25.244416+00:00
perf-obj-emp-29-past-0,emp-29,Consolider les indicateurs de qualité de livraison,Objectif passé complété.,completed,100,2024-08-14,2024-06-28T00:00:00+00:00
perf-obj-emp-29-current-0,emp-29,Réduire le temps de cycle sur les livrables,Objectif en cours du semestre.,in_progress,41,2026-10-23,2026-05-20T19:41:25.244437+00:00
perf-obj-emp-29-current-1,emp-29,Fluidifier les rituels de collaboration,Objectif en cours du semestre.,in_progress,45,2026-11-16,2026-06-06T19:41:25.244446+00:00
perf-obj-emp-30-past-0,emp-30,Améliorer la satisfaction client interne,Objectif passé complété.,completed,100,2025-07-30,2025-05-05T00:00:00+00:00
perf-obj-emp-30-current-0,emp-30,Structurer un plan de progression métier,Objectif en cours du semestre.,in_progress,59,2026-07-17,2026-06-08T19:41:25.244464+00:00
perf-obj-emp-30-current-1,emp-30,Sécuriser les bonnes pratiques sécurité et RGPD,Objectif en cours du semestre.,planned,41,2026-08-23,2026-04-05T19:41:25.244472+00:00
perf-obj-emp-31-past-0,emp-31,Consolider les indicateurs de qualité de livraison,Objectif passé complété.,completed,100,2025-08-03,2025-02-10T00:00:00+00:00
perf-obj-emp-31-past-1,emp-31,Partager les connaissances sur les projets actifs,Objectif passé complété.,completed,100,2023-07-05,2023-05-20T00:00:00+00:00
perf-obj-emp-31-current-0,emp-31,Structurer un plan de progression métier,Objectif en cours du semestre.,blocked,30,2026-09-23,2026-03-23T19:41:25.244500+00:00
perf-obj-emp-31-current-1,emp-31,Réduire le temps de cycle sur les livrables,Objectif en cours du semestre.,blocked,78,2026-09-30,2026-03-28T19:41:25.244508+00:00
perf-obj-emp-32-past-0,emp-32,Fluidifier les rituels de collaboration,Objectif passé complété.,completed,100,2024-07-05,2024-01-07T00:00:00+00:00
perf-obj-emp-32-past-1,emp-32,Structurer un plan de progression métier,Objectif passé complété.,completed,100,2024-10-12,2024-08-27T00:00:00+00:00
perf-obj-emp-32-current-0,emp-32,Améliorer la satisfaction client interne,Objectif en cours du semestre.,in_progress,72,2026-09-26,2026-03-23T19:41:25.244536+00:00
perf-obj-emp-32-current-1,emp-32,Réduire le temps de cycle sur les livrables,Objectif en cours du semestre.,planned,21,2026-10-26,2026-04-19T19:41:25.244544+00:00
perf-obj-emp-33-past-0,emp-33,Sécuriser les bonnes pratiques sécurité et RGPD,Objectif passé complété.,completed,100,2026-03-07,2025-11-29T00:00:00+00:00
perf-obj-emp-33-past-1,emp-33,Consolider les indicateurs de qualité de livraison,Objectif passé complété.,completed,100,2026-06-02,2025-12-23T00:00:00+00:00
perf-obj-emp-33-past-2,emp-33,Sécuriser les bonnes pratiques sécurité et RGPD,Objectif passé complété.,completed,100,2026-07-08,2026-02-07T00:00:00+00:00
perf-obj-emp-33-current-0,emp-33,Structurer un plan de progression métier,Objectif en cours du semestre.,in_progress,85,2026-08-19,2026-04-30T19:41:25.244585+00:00
perf-obj-emp-33-current-1,emp-33,Améliorer la satisfaction client interne,Objectif en cours du semestre.,blocked,49,2026-08-20,2026-04-23T19:41:25.244594+00:00
perf-obj-emp-34-past-0,emp-34,Sécuriser les bonnes pratiques sécurité et RGPD,Objectif passé complété.,completed,100,2023-07-21,2023-04-03T00:00:00+00:00
perf-obj-emp-34-past-1,emp-34,Améliorer la satisfaction client interne,Objectif passé complété.,completed,100,2024-02-26,2023-12-07T00:00:00+00:00
perf-obj-emp-34-past-2,emp-34,Sécuriser les bonnes pratiques sécurité et RGPD,Objectif passé complété.,completed,100,2022-10-06,2022-09-05T00:00:00+00:00
perf-obj-emp-34-past-3,emp-34,Structurer un plan de progression métier,Objectif passé complété.,completed,100,2026-02-05,2025-12-06T00:00:00+00:00
perf-obj-emp-34-current-0,emp-34,Sécuriser les bonnes pratiques sécurité et RGPD,Objectif en cours du semestre.,blocked,40,2026-07-22,2026-03-29T19:41:25.244641+00:00
perf-obj-emp-34-current-1,emp-34,Partager les connaissances sur les projets actifs,Objectif en cours du semestre.,in_progress,33,2026-07-28,2026-05-10T19:41:25.244659+00:00
perf-obj-emp-35-past-0,emp-35,Consolider les indicateurs de qualité de livraison,Objectif passé complété.,completed,100,2025-12-26,2025-10-11T00:00:00+00:00
perf-obj-emp-35-past-1,emp-35,Fluidifier les rituels de collaboration,Objectif passé complété.,completed,100,2022-01-04,2021-11-15T00:00:00+00:00
perf-obj-emp-35-past-2,emp-35,Améliorer la satisfaction client interne,Objectif passé complété.,completed,100,2025-02-23,2024-09-17T00:00:00+00:00
perf-obj-emp-35-current-0,emp-35,Réduire le temps de cycle sur les livrables,Objectif en cours du semestre.,blocked,24,2026-08-04,2026-04-24T19:41:25.244698+00:00
perf-obj-emp-35-current-1,emp-35,Améliorer la satisfaction client interne,Objectif en cours du semestre.,in_progress,78,2026-10-01,2026-05-22T19:41:25.244706+00:00
perf-obj-emp-36-past-0,emp-36,Réduire le temps de cycle sur les livrables,Objectif passé complété.,completed,100,2025-06-01,2025-01-08T00:00:00+00:00
perf-obj-emp-36-past-1,emp-36,Monter en expertise sur le périmètre équipe,Objectif passé complété.,completed,100,2024-10-18,2024-09-17T00:00:00+00:00
perf-obj-emp-36-current-0,emp-36,Réduire le temps de cycle sur les livrables,Objectif en cours du semestre.,in_progress,23,2026-08-13,2026-04-19T19:41:25.244734+00:00
perf-obj-emp-36-current-1,emp-36,Monter en expertise sur le périmètre équipe,Objectif en cours du semestre.,planned,61,2026-10-01,2026-05-05T19:41:25.244742+00:00
perf-obj-emp-37-past-0,emp-37,Monter en expertise sur le périmètre équipe,Objectif passé complété.,completed,100,2023-04-04,2023-02-21T00:00:00+00:00
perf-obj-emp-37-past-1,emp-37,Sécuriser les bonnes pratiques sécurité et RGPD,Objectif passé complété.,completed,100,2024-05-25,2024-03-23T00:00:00+00:00
perf-obj-emp-37-current-0,emp-37,Monter en expertise sur le périmètre équipe,Objectif en cours du semestre.,in_progress,59,2026-10-07,2026-04-04T19:41:25.244775+00:00
perf-obj-emp-37-current-1,emp-37,Monter en expertise sur le périmètre équipe,Objectif en cours du semestre.,in_progress,77,2026-11-03,2026-06-05T19:41:25.244783+00:00
perf-obj-emp-38-past-0,emp-38,Partager les connaissances sur les projets actifs,Objectif passé complété.,completed,100,2023-12-28,2023-07-17T00:00:00+00:00
perf-obj-emp-38-current-0,emp-38,Réduire le temps de cycle sur les livrables,Objectif en cours du semestre.,blocked,23,2026-07-18,2026-05-04T19:41:25.244802+00:00
perf-obj-emp-38-current-1,emp-38,Fluidifier les rituels de collaboration,Objectif en cours du semestre.,blocked,64,2026-11-09,2026-04-07T19:41:25.244811+00:00
perf-obj-emp-39-past-0,emp-39,Consolider les indicateurs de qualité de livraison,Objectif passé complété.,completed,100,2026-03-01,2025-12-25T00:00:00+00:00
perf-obj-emp-39-past-1,emp-39,Sécuriser les bonnes pratiques sécurité et RGPD,Objectif passé complété.,completed,100,2026-06-17,2025-12-24T00:00:00+00:00
perf-obj-emp-39-past-2,emp-39,Réduire le temps de cycle sur les livrables,Objectif passé complété.,completed,100,2026-04-10,2025-12-16T00:00:00+00:00
perf-obj-emp-39-current-0,emp-39,Structurer un plan de progression métier,Objectif en cours du semestre.,blocked,63,2026-07-31,2026-05-30T19:41:25.244847+00:00
perf-obj-emp-39-current-1,emp-39,Partager les connaissances sur les projets actifs,Objectif en cours du semestre.,in_progress,54,2026-11-15,2026-03-29T19:41:25.244857+00:00
perf-obj-emp-40-past-0,emp-40,Améliorer la satisfaction client interne,Objectif passé complété.,completed,100,2026-06-21,2026-01-18T00:00:00+00:00
perf-obj-emp-40-past-1,emp-40,Consolider les indicateurs de qualité de livraison,Objectif passé complété.,completed,100,2026-07-06,2026-02-07T00:00:00+00:00
perf-obj-emp-40-past-2,emp-40,Partager les connaissances sur les projets actifs,Objectif passé complété.,completed,100,2025-01-20,2024-10-28T00:00:00+00:00
perf-obj-emp-40-past-3,emp-40,Consolider les indicateurs de qualité de livraison,Objectif passé complété.,completed,100,2024-09-16,2024-06-02T00:00:00+00:00
perf-obj-emp-40-current-0,emp-40,Consolider les indicateurs de qualité de livraison,Objectif en cours du semestre.,in_progress,13,2026-07-17,2026-04-23T19:41:25.244924+00:00
perf-obj-emp-40-current-1,emp-40,Fluidifier les rituels de collaboration,Objectif en cours du semestre.,in_progress,12,2026-10-18,2026-06-02T19:41:25.244937+00:00
perf-obj-emp-41-past-0,emp-41,Réduire le temps de cycle sur les livrables,Objectif passé complété.,completed,100,2025-08-10,2025-06-11T00:00:00+00:00
perf-obj-emp-41-past-1,emp-41,Partager les connaissances sur les projets actifs,Objectif passé complété.,completed,100,2024-10-10,2024-05-10T00:00:00+00:00
perf-obj-emp-41-current-0,emp-41,Fluidifier les rituels de collaboration,Objectif en cours du semestre.,blocked,50,2026-10-01,2026-05-03T19:41:25.244986+00:00
perf-obj-emp-41-current-1,emp-41,Améliorer la satisfaction client interne,Objectif en cours du semestre.,planned,54,2026-08-25,2026-05-10T19:41:25.244999+00:00
perf-obj-emp-42-past-0,emp-42,Monter en expertise sur le périmètre équipe,Objectif passé complété.,completed,100,2025-07-28,2025-04-29T00:00:00+00:00
perf-obj-emp-42-past-1,emp-42,Sécuriser les bonnes pratiques sécurité et RGPD,Objectif passé complété.,completed,100,2026-01-30,2025-08-08T00:00:00+00:00
perf-obj-emp-42-current-0,emp-42,Monter en expertise sur le périmètre équipe,Objectif en cours du semestre.,planned,19,2026-07-30,2026-04-23T19:41:25.245040+00:00
perf-obj-emp-42-current-1,emp-42,Améliorer la satisfaction client interne,Objectif en cours du semestre.,in_progress,69,2026-11-06,2026-05-24T19:41:25.245065+00:00
perf-obj-emp-43-past-0,emp-43,Partager les connaissances sur les projets actifs,Objectif passé complété.,completed,100,2025-05-31,2024-12-09T00:00:00+00:00
perf-obj-emp-43-current-0,emp-43,Partager les connaissances sur les projets actifs,Objectif en cours du semestre.,in_progress,43,2026-08-09,2026-04-03T19:41:25.245095+00:00
perf-obj-emp-43-current-1,emp-43,Consolider les indicateurs de qualité de livraison,Objectif en cours du semestre.,planned,73,2026-08-08,2026-05-31T19:41:25.245112+00:00
perf-obj-emp-44-past-0,emp-44,Structurer un plan de progression métier,Objectif passé complété.,completed,100,2021-12-05,2021-08-06T00:00:00+00:00
perf-obj-emp-44-past-1,emp-44,Fluidifier les rituels de collaboration,Objectif passé complété.,completed,100,2025-08-06,2025-03-25T00:00:00+00:00
perf-obj-emp-44-past-2,emp-44,Sécuriser les bonnes pratiques sécurité et RGPD,Objectif passé complété.,completed,100,2023-07-08,2023-04-18T00:00:00+00:00
perf-obj-emp-44-current-0,emp-44,Réduire le temps de cycle sur les livrables,Objectif en cours du semestre.,planned,49,2026-09-16,2026-04-22T19:41:25.245177+00:00
perf-obj-emp-44-current-1,emp-44,Sécuriser les bonnes pratiques sécurité et RGPD,Objectif en cours du semestre.,in_progress,34,2026-09-22,2026-04-05T19:41:25.245192+00:00
perf-obj-emp-45-past-0,emp-45,Sécuriser les bonnes pratiques sécurité et RGPD,Objectif passé complété.,completed,100,2026-05-03,2026-02-11T00:00:00+00:00
perf-obj-emp-45-past-1,emp-45,Monter en expertise sur le périmètre équipe,Objectif passé complété.,completed,100,2026-06-29,2026-01-10T00:00:00+00:00
perf-obj-emp-45-past-2,emp-45,Sécuriser les bonnes pratiques sécurité et RGPD,Objectif passé complété.,completed,100,2024-03-15,2024-01-01T00:00:00+00:00
perf-obj-emp-45-current-0,emp-45,Réduire le temps de cycle sur les livrables,Objectif en cours du semestre.,in_progress,42,2026-08-22,2026-05-01T19:41:25.245255+00:00
perf-obj-emp-45-current-1,emp-45,Sécuriser les bonnes pratiques sécurité et RGPD,Objectif en cours du semestre.,planned,21,2026-08-03,2026-05-28T19:41:25.245273+00:00
perf-obj-emp-46-past-0,emp-46,Fluidifier les rituels de collaboration,Objectif passé complété.,completed,100,2025-07-10,2025-03-17T00:00:00+00:00
perf-obj-emp-46-past-1,emp-46,Réduire le temps de cycle sur les livrables,Objectif passé complété.,completed,100,2025-09-23,2025-04-17T00:00:00+00:00
perf-obj-emp-46-past-2,emp-46,Fluidifier les rituels de collaboration,Objectif passé complété.,completed,100,2025-01-22,2024-10-18T00:00:00+00:00
perf-obj-emp-46-past-3,emp-46,Consolider les indicateurs de qualité de livraison,Objectif passé complété.,completed,100,2026-01-30,2025-10-18T00:00:00+00:00
perf-obj-emp-46-current-0,emp-46,Sécuriser les bonnes pratiques sécurité et RGPD,Objectif en cours du semestre.,planned,36,2026-08-20,2026-05-23T19:41:25.245339+00:00
perf-obj-emp-46-current-1,emp-46,Réduire le temps de cycle sur les livrables,Objectif en cours du semestre.,in_progress,62,2026-07-17,2026-05-26T19:41:25.245349+00:00
perf-obj-emp-47-past-0,emp-47,Fluidifier les rituels de collaboration,Objectif passé complété.,completed,100,2026-02-12,2026-01-09T00:00:00+00:00
perf-obj-emp-47-past-1,emp-47,Consolider les indicateurs de qualité de livraison,Objectif passé complété.,completed,100,2025-09-04,2025-03-29T00:00:00+00:00
perf-obj-emp-47-past-2,emp-47,Structurer un plan de progression métier,Objectif passé complété.,completed,100,2026-06-17,2026-01-26T00:00:00+00:00
perf-obj-emp-47-current-0,emp-47,Monter en expertise sur le périmètre équipe,Objectif en cours du semestre.,planned,63,2026-09-08,2026-06-04T19:41:25.245390+00:00
perf-obj-emp-47-current-1,emp-47,Monter en expertise sur le périmètre équipe,Objectif en cours du semestre.,in_progress,80,2026-11-02,2026-04-26T19:41:25.245400+00:00
perf-obj-emp-48-past-0,emp-48,Fluidifier les rituels de collaboration,Objectif passé complété.,completed,100,2023-08-06,2023-05-23T00:00:00+00:00
perf-obj-emp-48-past-1,emp-48,Fluidifier les rituels de collaboration,Objectif passé complété.,completed,100,2025-01-24,2024-07-30T00:00:00+00:00
perf-obj-emp-48-current-0,emp-48,Partager les connaissances sur les projets actifs,Objectif en cours du semestre.,in_progress,70,2026-09-01,2026-03-28T19:41:25.245430+00:00
perf-obj-emp-48-current-1,emp-48,Améliorer la satisfaction client interne,Objectif en cours du semestre.,in_progress,42,2026-11-11,2026-04-15T19:41:25.245439+00:00
perf-obj-emp-49-past-0,emp-49,Améliorer la satisfaction client interne,Objectif passé complété.,completed,100,2025-03-12,2025-01-13T00:00:00+00:00
perf-obj-emp-49-past-1,emp-49,Partager les connaissances sur les projets actifs,Objectif passé complété.,completed,100,2025-11-08,2025-06-18T00:00:00+00:00
perf-obj-emp-49-past-2,emp-49,Fluidifier les rituels de collaboration,Objectif passé complété.,completed,100,2024-12-11,2024-07-03T00:00:00+00:00
perf-obj-emp-49-past-3,emp-49,Consolider les indicateurs de qualité de livraison,Objectif passé complété.,completed,100,2024-12-24,2024-08-05T00:00:00+00:00
perf-obj-emp-49-current-0,emp-49,Monter en expertise sur le périmètre équipe,Objectif en cours du semestre.,blocked,32,2026-08-26,2026-05-15T19:41:25.245513+00:00
perf-obj-emp-49-current-1,emp-49,Monter en expertise sur le périmètre équipe,Objectif en cours du semestre.,planned,10,2026-07-21,2026-04-15T19:41:25.245530+00:00
perf-obj-emp-50-past-0,emp-50,Monter en expertise sur le périmètre équipe,Objectif passé complété.,completed,100,2023-06-14,2023-05-10T00:00:00+00:00
perf-obj-emp-50-past-1,emp-50,Partager les connaissances sur les projets actifs,Objectif passé complété.,completed,100,2023-07-31,2023-04-29T00:00:00+00:00
perf-obj-emp-50-past-2,emp-50,Partager les connaissances sur les projets actifs,Objectif passé complété.,completed,100,2021-12-24,2021-10-28T00:00:00+00:00
perf-obj-emp-50-past-3,emp-50,Sécuriser les bonnes pratiques sécurité et RGPD,Objectif passé complété.,completed,100,2022-02-01,2021-11-04T00:00:00+00:00
perf-obj-emp-50-current-0,emp-50,Partager les connaissances sur les projets actifs,Objectif en cours du semestre.,blocked,50,2026-07-12,2026-05-20T19:41:25.245588+00:00
perf-obj-emp-50-current-1,emp-50,Partager les connaissances sur les projets actifs,Objectif en cours du semestre.,planned,71,2026-09-13,2026-04-30T19:41:25.245596+00:00
perf-obj-emp-51-past-0,emp-51,Structurer un plan de progression métier,Objectif passé complété.,completed,100,2026-06-16,2026-01-01T00:00:00+00:00
perf-obj-emp-51-current-0,emp-51,Monter en expertise sur le périmètre équipe,Objectif en cours du semestre.,blocked,22,2026-08-15,2026-06-04T19:41:25.245615+00:00
perf-obj-emp-51-current-1,emp-51,Sécuriser les bonnes pratiques sécurité et RGPD,Objectif en cours du semestre.,in_progress,45,2026-07-27,2026-04-27T19:41:25.245623+00:00
perf-obj-emp-52-past-0,emp-52,Fluidifier les rituels de collaboration,Objectif passé complété.,completed,100,2025-06-30,2025-02-13T00:00:00+00:00
perf-obj-emp-52-past-1,emp-52,Monter en expertise sur le périmètre équipe,Objectif passé complété.,completed,100,2025-08-07,2025-02-18T00:00:00+00:00
perf-obj-emp-52-past-2,emp-52,Fluidifier les rituels de collaboration,Objectif passé complété.,completed,100,2025-10-07,2025-06-18T00:00:00+00:00
perf-obj-emp-52-past-3,emp-52,Fluidifier les rituels de collaboration,Objectif passé complété.,completed,100,2025-05-16,2025-01-16T00:00:00+00:00
perf-obj-emp-52-current-0,emp-52,Partager les connaissances sur les projets actifs,Objectif en cours du semestre.,blocked,57,2026-08-02,2026-04-14T19:41:25.245667+00:00
perf-obj-emp-52-current-1,emp-52,Fluidifier les rituels de collaboration,Objectif en cours du semestre.,in_progress,28,2026-09-21,2026-05-21T19:41:25.245675+00:00
perf-obj-emp-53-past-0,emp-53,Monter en expertise sur le périmètre équipe,Objectif passé complété.,completed,100,2026-03-29,2025-12-28T00:00:00+00:00
perf-obj-emp-53-past-1,emp-53,Partager les connaissances sur les projets actifs,Objectif passé complété.,completed,100,2025-01-26,2024-12-27T00:00:00+00:00
perf-obj-emp-53-past-2,emp-53,Réduire le temps de cycle sur les livrables,Objectif passé complété.,completed,100,2023-04-25,2022-12-20T00:00:00+00:00
perf-obj-emp-53-past-3,emp-53,Réduire le temps de cycle sur les livrables,Objectif passé complété.,completed,100,2023-03-15,2022-10-26T00:00:00+00:00
perf-obj-emp-53-current-0,emp-53,Fluidifier les rituels de collaboration,Objectif en cours du semestre.,in_progress,46,2026-07-16,2026-05-19T19:41:25.245725+00:00
perf-obj-emp-53-current-1,emp-53,Sécuriser les bonnes pratiques sécurité et RGPD,Objectif en cours du semestre.,blocked,40,2026-08-29,2026-05-26T19:41:25.245734+00:00
perf-obj-emp-54-past-0,emp-54,Réduire le temps de cycle sur les livrables,Objectif passé complété.,completed,100,2024-12-23,2024-10-19T00:00:00+00:00
perf-obj-emp-54-current-0,emp-54,Structurer un plan de progression métier,Objectif en cours du semestre.,in_progress,11,2026-11-15,2026-05-18T19:41:25.245753+00:00
perf-obj-emp-54-current-1,emp-54,Sécuriser les bonnes pratiques sécurité et RGPD,Objectif en cours du semestre.,blocked,79,2026-07-20,2026-04-23T19:41:25.245761+00:00
perf-obj-emp-55-past-0,emp-55,Sécuriser les bonnes pratiques sécurité et RGPD,Objectif passé complété.,completed,100,2026-05-24,2026-01-30T00:00:00+00:00
perf-obj-emp-55-past-1,emp-55,Consolider les indicateurs de qualité de livraison,Objectif passé complété.,completed,100,2026-01-13,2025-12-08T00:00:00+00:00
perf-obj-emp-55-current-0,emp-55,Monter en expertise sur le périmètre équipe,Objectif en cours du semestre.,blocked,67,2026-08-27,2026-03-21T19:41:25.245787+00:00
perf-obj-emp-55-current-1,emp-55,Consolider les indicateurs de qualité de livraison,Objectif en cours du semestre.,blocked,57,2026-08-03,2026-04-06T19:41:25.245797+00:00
perf-obj-emp-56-past-0,emp-56,Structurer un plan de progression métier,Objectif passé complété.,completed,100,2025-01-01,2024-10-01T00:00:00+00:00
perf-obj-emp-56-current-0,emp-56,Réduire le temps de cycle sur les livrables,Objectif en cours du semestre.,in_progress,12,2026-11-12,2026-05-17T19:41:25.245821+00:00
perf-obj-emp-56-current-1,emp-56,Réduire le temps de cycle sur les livrables,Objectif en cours du semestre.,planned,72,2026-07-30,2026-05-07T19:41:25.245829+00:00
perf-obj-emp-57-past-0,emp-57,Réduire le temps de cycle sur les livrables,Objectif passé complété.,completed,100,2026-02-09,2026-01-06T00:00:00+00:00
perf-obj-emp-57-current-0,emp-57,Structurer un plan de progression métier,Objectif en cours du semestre.,in_progress,61,2026-09-13,2026-04-17T19:41:25.245849+00:00
perf-obj-emp-57-current-1,emp-57,Monter en expertise sur le périmètre équipe,Objectif en cours du semestre.,blocked,74,2026-08-28,2026-03-22T19:41:25.245857+00:00
perf-obj-emp-58-past-0,emp-58,Sécuriser les bonnes pratiques sécurité et RGPD,Objectif passé complété.,completed,100,2024-09-12,2024-06-18T00:00:00+00:00
perf-obj-emp-58-past-1,emp-58,Monter en expertise sur le périmètre équipe,Objectif passé complété.,completed,100,2026-04-15,2026-02-20T00:00:00+00:00
perf-obj-emp-58-past-2,emp-58,Améliorer la satisfaction client interne,Objectif passé complété.,completed,100,2025-03-22,2024-11-14T00:00:00+00:00
perf-obj-emp-58-past-3,emp-58,Consolider les indicateurs de qualité de livraison,Objectif passé complété.,completed,100,2024-01-04,2023-12-01T00:00:00+00:00
perf-obj-emp-58-current-0,emp-58,Fluidifier les rituels de collaboration,Objectif en cours du semestre.,in_progress,15,2026-09-26,2026-05-06T19:41:25.245915+00:00
perf-obj-emp-58-current-1,emp-58,Sécuriser les bonnes pratiques sécurité et RGPD,Objectif en cours du semestre.,in_progress,47,2026-08-14,2026-05-20T19:41:25.245924+00:00
perf-obj-emp-59-past-0,emp-59,Structurer un plan de progression métier,Objectif passé complété.,completed,100,2024-07-27,2024-04-09T00:00:00+00:00
perf-obj-emp-59-past-1,emp-59,Réduire le temps de cycle sur les livrables,Objectif passé complété.,completed,100,2023-06-26,2023-01-27T00:00:00+00:00
perf-obj-emp-59-current-0,emp-59,Fluidifier les rituels de collaboration,Objectif en cours du semestre.,in_progress,28,2026-10-14,2026-05-08T19:41:25.245996+00:00
perf-obj-emp-59-current-1,emp-59,Sécuriser les bonnes pratiques sécurité et RGPD,Objectif en cours du semestre.,planned,52,2026-10-18,2026-05-15T19:41:25.246006+00:00
perf-obj-emp-60-past-0,emp-60,Sécuriser les bonnes pratiques sécurité et RGPD,Objectif passé complété.,completed,100,2025-05-07,2025-03-22T00:00:00+00:00
perf-obj-emp-60-past-1,emp-60,Consolider les indicateurs de qualité de livraison,Objectif passé complété.,completed,100,2025-08-26,2025-07-26T00:00:00+00:00
perf-obj-emp-60-past-2,emp-60,Sécuriser les bonnes pratiques sécurité et RGPD,Objectif passé complété.,completed,100,2026-06-07,2026-01-08T00:00:00+00:00
perf-obj-emp-60-past-3,emp-60,Réduire le temps de cycle sur les livrables,Objectif passé complété.,completed,100,2026-02-08,2025-11-27T00:00:00+00:00
perf-obj-emp-60-current-0,emp-60,Sécuriser les bonnes pratiques sécurité et RGPD,Objectif en cours du semestre.,blocked,43,2026-07-20,2026-06-01T19:41:25.246051+00:00
perf-obj-emp-60-current-1,emp-60,Consolider les indicateurs de qualité de livraison,Objectif en cours du semestre.,in_progress,73,2026-08-06,2026-05-04T19:41:25.246060+00:00
perf-obj-emp-61-past-0,emp-61,Partager les connaissances sur les projets actifs,Objectif passé complété.,completed,100,2024-03-10,2024-01-16T00:00:00+00:00
perf-obj-emp-61-past-1,emp-61,Monter en expertise sur le périmètre équipe,Objectif passé complété.,completed,100,2025-04-06,2024-10-08T00:00:00+00:00
perf-obj-emp-61-current-0,emp-61,Réduire le temps de cycle sur les livrables,Objectif en cours du semestre.,blocked,38,2026-08-12,2026-04-03T19:41:25.246086+00:00
perf-obj-emp-61-current-1,emp-61,Réduire le temps de cycle sur les livrables,Objectif en cours du semestre.,blocked,84,2026-09-19,2026-04-26T19:41:25.246094+00:00
perf-obj-emp-62-past-0,emp-62,Monter en expertise sur le périmètre équipe,Objectif passé complété.,completed,100,2024-01-09,2023-09-16T00:00:00+00:00
perf-obj-emp-62-past-1,emp-62,Améliorer la satisfaction client interne,Objectif passé complété.,completed,100,2025-05-28,2025-03-31T00:00:00+00:00
perf-obj-emp-62-current-0,emp-62,Sécuriser les bonnes pratiques sécurité et RGPD,Objectif en cours du semestre.,in_progress,11,2026-09-23,2026-05-13T19:41:25.246129+00:00
perf-obj-emp-62-current-1,emp-62,Partager les connaissances sur les projets actifs,Objectif en cours du semestre.,planned,81,2026-08-26,2026-05-18T19:41:25.246138+00:00
perf-obj-emp-63-past-0,emp-63,Monter en expertise sur le périmètre équipe,Objectif passé complété.,completed,100,2025-08-03,2025-06-20T00:00:00+00:00
perf-obj-emp-63-past-1,emp-63,Partager les connaissances sur les projets actifs,Objectif passé complété.,completed,100,2026-01-21,2025-12-06T00:00:00+00:00
perf-obj-emp-63-past-2,emp-63,Monter en expertise sur le périmètre équipe,Objectif passé complété.,completed,100,2026-03-03,2025-11-09T00:00:00+00:00
perf-obj-emp-63-current-0,emp-63,Réduire le temps de cycle sur les livrables,Objectif en cours du semestre.,in_progress,53,2026-07-30,2026-03-22T19:41:25.246177+00:00
perf-obj-emp-63-current-1,emp-63,Consolider les indicateurs de qualité de livraison,Objectif en cours du semestre.,in_progress,28,2026-07-11,2026-05-14T19:41:25.246185+00:00
perf-obj-emp-64-past-0,emp-64,Améliorer la satisfaction client interne,Objectif passé complété.,completed,100,2026-02-02,2025-12-30T00:00:00+00:00
perf-obj-emp-64-past-1,emp-64,Améliorer la satisfaction client interne,Objectif passé complété.,completed,100,2025-10-31,2025-06-29T00:00:00+00:00
perf-obj-emp-64-past-2,emp-64,Sécuriser les bonnes pratiques sécurité et RGPD,Objectif passé complété.,completed,100,2025-02-25,2025-01-10T00:00:00+00:00
perf-obj-emp-64-past-3,emp-64,Monter en expertise sur le périmètre équipe,Objectif passé complété.,completed,100,2026-07-18,2026-01-28T00:00:00+00:00
perf-obj-emp-64-current-0,emp-64,Consolider les indicateurs de qualité de livraison,Objectif en cours du semestre.,in_progress,43,2026-10-20,2026-05-10T19:41:25.246232+00:00
perf-obj-emp-64-current-1,emp-64,Structurer un plan de progression métier,Objectif en cours du semestre.,planned,64,2026-08-02,2026-05-14T19:41:25.246240+00:00
perf-obj-emp-65-past-0,emp-65,Consolider les indicateurs de qualité de livraison,Objectif passé complété.,completed,100,2024-11-16,2024-08-15T00:00:00+00:00
perf-obj-emp-65-current-0,emp-65,Partager les connaissances sur les projets actifs,Objectif en cours du semestre.,in_progress,62,2026-10-16,2026-05-02T19:41:25.246259+00:00
perf-obj-emp-65-current-1,emp-65,Structurer un plan de progression métier,Objectif en cours du semestre.,planned,22,2026-11-10,2026-03-25T19:41:25.246268+00:00
perf-obj-emp-66-past-0,emp-66,Fluidifier les rituels de collaboration,Objectif passé complété.,completed,100,2024-08-31,2024-06-03T00:00:00+00:00
perf-obj-emp-66-past-1,emp-66,Réduire le temps de cycle sur les livrables,Objectif passé complété.,completed,100,2024-10-11,2024-08-20T00:00:00+00:00
perf-obj-emp-66-current-0,emp-66,Réduire le temps de cycle sur les livrables,Objectif en cours du semestre.,blocked,15,2026-10-21,2026-05-28T19:41:25.246302+00:00
perf-obj-emp-66-current-1,emp-66,Structurer un plan de progression métier,Objectif en cours du semestre.,planned,79,2026-10-09,2026-05-20T19:41:25.246310+00:00
perf-obj-emp-67-past-0,emp-67,Partager les connaissances sur les projets actifs,Objectif passé complété.,completed,100,2024-09-16,2024-03-26T00:00:00+00:00
perf-obj-emp-67-past-1,emp-67,Améliorer la satisfaction client interne,Objectif passé complété.,completed,100,2024-11-21,2024-07-02T00:00:00+00:00
perf-obj-emp-67-past-2,emp-67,Réduire le temps de cycle sur les livrables,Objectif passé complété.,completed,100,2025-08-20,2025-03-15T00:00:00+00:00
perf-obj-emp-67-current-0,emp-67,Réduire le temps de cycle sur les livrables,Objectif en cours du semestre.,in_progress,83,2026-11-05,2026-05-19T19:41:25.246369+00:00
perf-obj-emp-67-current-1,emp-67,Consolider les indicateurs de qualité de livraison,Objectif en cours du semestre.,in_progress,14,2026-08-24,2026-05-30T19:41:25.246378+00:00
perf-obj-emp-68-past-0,emp-68,Consolider les indicateurs de qualité de livraison,Objectif passé complété.,completed,100,2026-03-18,2025-12-06T00:00:00+00:00
perf-obj-emp-68-past-1,emp-68,Partager les connaissances sur les projets actifs,Objectif passé complété.,completed,100,2024-07-11,2024-02-06T00:00:00+00:00
perf-obj-emp-68-past-2,emp-68,Réduire le temps de cycle sur les livrables,Objectif passé complété.,completed,100,2025-05-05,2024-11-14T00:00:00+00:00
perf-obj-emp-68-current-0,emp-68,Partager les connaissances sur les projets actifs,Objectif en cours du semestre.,blocked,16,2026-10-31,2026-03-21T19:41:25.246414+00:00
perf-obj-emp-68-current-1,emp-68,Fluidifier les rituels de collaboration,Objectif en cours du semestre.,in_progress,57,2026-08-07,2026-05-25T19:41:25.246430+00:00
perf-obj-emp-69-past-0,emp-69,Consolider les indicateurs de qualité de livraison,Objectif passé complété.,completed,100,2025-05-20,2025-03-08T00:00:00+00:00
perf-obj-emp-69-past-1,emp-69,Structurer un plan de progression métier,Objectif passé complété.,completed,100,2025-11-24,2025-06-28T00:00:00+00:00
perf-obj-emp-69-past-2,emp-69,Fluidifier les rituels de collaboration,Objectif passé complété.,completed,100,2026-05-31,2025-12-22T00:00:00+00:00
perf-obj-emp-69-current-0,emp-69,Sécuriser les bonnes pratiques sécurité et RGPD,Objectif en cours du semestre.,blocked,48,2026-10-01,2026-05-13T19:41:25.246517+00:00
perf-obj-emp-69-current-1,emp-69,Consolider les indicateurs de qualité de livraison,Objectif en cours du semestre.,in_progress,15,2026-11-10,2026-04-28T19:41:25.246533+00:00
perf-obj-emp-70-past-0,emp-70,Fluidifier les rituels de collaboration,Objectif passé complété.,completed,100,2023-07-07,2023-05-09T00:00:00+00:00
perf-obj-emp-70-current-0,emp-70,Améliorer la satisfaction client interne,Objectif en cours du semestre.,blocked,61,2026-09-01,2026-03-26T19:41:25.246566+00:00
perf-obj-emp-70-current-1,emp-70,Fluidifier les rituels de collaboration,Objectif en cours du semestre.,blocked,80,2026-10-18,2026-06-06T19:41:25.246580+00:00
perf-obj-emp-71-past-0,emp-71,Fluidifier les rituels de collaboration,Objectif passé complété.,completed,100,2026-06-25,2026-02-21T00:00:00+00:00
perf-obj-emp-71-past-1,emp-71,Améliorer la satisfaction client interne,Objectif passé complété.,completed,100,2026-06-09,2026-01-04T00:00:00+00:00
perf-obj-emp-71-past-2,emp-71,Fluidifier les rituels de collaboration,Objectif passé complété.,completed,100,2026-01-10,2025-12-09T00:00:00+00:00
perf-obj-emp-71-current-0,emp-71,Structurer un plan de progression métier,Objectif en cours du semestre.,in_progress,24,2026-11-03,2026-04-18T19:41:25.246654+00:00
perf-obj-emp-71-current-1,emp-71,Sécuriser les bonnes pratiques sécurité et RGPD,Objectif en cours du semestre.,in_progress,23,2026-11-01,2026-04-22T19:41:25.246670+00:00
perf-obj-emp-72-past-0,emp-72,Sécuriser les bonnes pratiques sécurité et RGPD,Objectif passé complété.,completed,100,2026-05-21,2026-02-13T00:00:00+00:00
perf-obj-emp-72-past-1,emp-72,Consolider les indicateurs de qualité de livraison,Objectif passé complété.,completed,100,2025-09-07,2025-04-17T00:00:00+00:00
perf-obj-emp-72-current-0,emp-72,Consolider les indicateurs de qualité de livraison,Objectif en cours du semestre.,in_progress,58,2026-07-21,2026-06-02T19:41:25.246720+00:00
perf-obj-emp-72-current-1,emp-72,Améliorer la satisfaction client interne,Objectif en cours du semestre.,in_progress,57,2026-09-21,2026-06-05T19:41:25.246735+00:00
perf-obj-emp-73-past-0,emp-73,Sécuriser les bonnes pratiques sécurité et RGPD,Objectif passé complété.,completed,100,2026-01-31,2025-12-29T00:00:00+00:00
perf-obj-emp-73-past-1,emp-73,Fluidifier les rituels de collaboration,Objectif passé complété.,completed,100,2026-03-30,2026-02-25T00:00:00+00:00
perf-obj-emp-73-past-2,emp-73,Monter en expertise sur le périmètre équipe,Objectif passé complété.,completed,100,2026-04-17,2026-03-12T00:00:00+00:00
perf-obj-emp-73-past-3,emp-73,Monter en expertise sur le périmètre équipe,Objectif passé complété.,completed,100,2026-04-19,2026-03-12T00:00:00+00:00
perf-obj-emp-73-current-0,emp-73,Consolider les indicateurs de qualité de livraison,Objectif en cours du semestre.,blocked,11,2026-08-29,2026-04-04T19:41:25.246830+00:00
perf-obj-emp-73-current-1,emp-73,Sécuriser les bonnes pratiques sécurité et RGPD,Objectif en cours du semestre.,in_progress,18,2026-09-26,2026-05-27T19:41:25.246852+00:00
perf-obj-emp-74-past-0,emp-74,Partager les connaissances sur les projets actifs,Objectif passé complété.,completed,100,2026-03-30,2026-01-16T00:00:00+00:00
perf-obj-emp-74-past-1,emp-74,Consolider les indicateurs de qualité de livraison,Objectif passé complété.,completed,100,2024-05-29,2024-03-25T00:00:00+00:00
perf-obj-emp-74-current-0,emp-74,Partager les connaissances sur les projets actifs,Objectif en cours du semestre.,planned,43,2026-07-25,2026-05-23T19:41:25.246918+00:00
perf-obj-emp-74-current-1,emp-74,Fluidifier les rituels de collaboration,Objectif en cours du semestre.,in_progress,20,2026-09-21,2026-05-25T19:41:25.246928+00:00
perf-obj-emp-75-past-0,emp-75,Monter en expertise sur le périmètre équipe,Objectif passé complété.,completed,100,2023-11-02,2023-06-12T00:00:00+00:00
perf-obj-emp-75-past-1,emp-75,Sécuriser les bonnes pratiques sécurité et RGPD,Objectif passé complété.,completed,100,2024-04-10,2024-02-02T00:00:00+00:00
perf-obj-emp-75-current-0,emp-75,Fluidifier les rituels de collaboration,Objectif en cours du semestre.,in_progress,68,2026-09-17,2026-04-05T19:41:25.246957+00:00
perf-obj-emp-75-current-1,emp-75,Réduire le temps de cycle sur les livrables,Objectif en cours du semestre.,planned,73,2026-09-06,2026-05-13T19:41:25.246973+00:00
perf-obj-emp-76-past-0,emp-76,Réduire le temps de cycle sur les livrables,Objectif passé complété.,completed,100,2024-01-01,2023-08-24T00:00:00+00:00
perf-obj-emp-76-past-1,emp-76,Sécuriser les bonnes pratiques sécurité et RGPD,Objectif passé complété.,completed,100,2023-06-13,2023-03-28T00:00:00+00:00
perf-obj-emp-76-past-2,emp-76,Partager les connaissances sur les projets actifs,Objectif passé complété.,completed,100,2026-01-04,2025-09-05T00:00:00+00:00
perf-obj-emp-76-past-3,emp-76,Consolider les indicateurs de qualité de livraison,Objectif passé complété.,completed,100,2025-09-21,2025-05-04T00:00:00+00:00
perf-obj-emp-76-current-0,emp-76,Améliorer la satisfaction client interne,Objectif en cours du semestre.,in_progress,17,2026-10-12,2026-05-23T19:41:25.247018+00:00
perf-obj-emp-76-current-1,emp-76,Consolider les indicateurs de qualité de livraison,Objectif en cours du semestre.,in_progress,61,2026-08-29,2026-05-10T19:41:25.247027+00:00
perf-obj-emp-77-past-0,emp-77,Réduire le temps de cycle sur les livrables,Objectif passé complété.,completed,100,2025-07-04,2025-04-02T00:00:00+00:00
perf-obj-emp-77-past-1,emp-77,Monter en expertise sur le périmètre équipe,Objectif passé complété.,completed,100,2023-09-18,2023-06-13T00:00:00+00:00
perf-obj-emp-77-past-2,emp-77,Structurer un plan de progression métier,Objectif passé complété.,completed,100,2026-04-13,2026-03-05T00:00:00+00:00
perf-obj-emp-77-current-0,emp-77,Fluidifier les rituels de collaboration,Objectif en cours du semestre.,in_progress,66,2026-10-14,2026-05-03T19:41:25.247062+00:00
perf-obj-emp-77-current-1,emp-77,Fluidifier les rituels de collaboration,Objectif en cours du semestre.,in_progress,47,2026-08-10,2026-05-15T19:41:25.247070+00:00
perf-obj-emp-78-past-0,emp-78,Monter en expertise sur le périmètre équipe,Objectif passé complété.,completed,100,2026-05-23,2026-03-21T00:00:00+00:00
perf-obj-emp-78-past-1,emp-78,Fluidifier les rituels de collaboration,Objectif passé complété.,completed,100,2026-06-04,2026-03-21T00:00:00+00:00
perf-obj-emp-78-past-2,emp-78,Améliorer la satisfaction client interne,Objectif passé complété.,completed,100,2026-08-17,2026-03-21T00:00:00+00:00
perf-obj-emp-78-past-3,emp-78,Améliorer la satisfaction client interne,Objectif passé complété.,completed,100,2026-07-17,2026-03-21T00:00:00+00:00
perf-obj-emp-78-current-0,emp-78,Réduire le temps de cycle sur les livrables,Objectif en cours du semestre.,blocked,83,2026-07-30,2026-03-27T19:41:25.247113+00:00
perf-obj-emp-78-current-1,emp-78,Sécuriser les bonnes pratiques sécurité et RGPD,Objectif en cours du semestre.,in_progress,41,2026-10-31,2026-04-07T19:41:25.247121+00:00
perf-obj-emp-79-past-0,emp-79,Fluidifier les rituels de collaboration,Objectif passé complété.,completed,100,2026-06-29,2026-03-17T00:00:00+00:00
perf-obj-emp-79-past-1,emp-79,Sécuriser les bonnes pratiques sécurité et RGPD,Objectif passé complété.,completed,100,2026-07-08,2026-03-19T00:00:00+00:00
perf-obj-emp-79-past-2,emp-79,Monter en expertise sur le périmètre équipe,Objectif passé complété.,completed,100,2026-08-15,2026-03-15T00:00:00+00:00
perf-obj-emp-79-current-0,emp-79,Fluidifier les rituels de collaboration,Objectif en cours du semestre.,planned,31,2026-09-30,2026-06-09T19:41:25.247161+00:00
perf-obj-emp-79-current-1,emp-79,Partager les connaissances sur les projets actifs,Objectif en cours du semestre.,in_progress,69,2026-10-23,2026-05-02T19:41:25.247170+00:00
perf-obj-emp-80-past-0,emp-80,Partager les connaissances sur les projets actifs,Objectif passé complété.,completed,100,2024-03-14,2023-12-23T00:00:00+00:00
perf-obj-emp-80-past-1,emp-80,Consolider les indicateurs de qualité de livraison,Objectif passé complété.,completed,100,2026-05-10,2026-02-27T00:00:00+00:00
perf-obj-emp-80-past-2,emp-80,Fluidifier les rituels de collaboration,Objectif passé complété.,completed,100,2025-09-30,2025-06-22T00:00:00+00:00
perf-obj-emp-80-past-3,emp-80,Structurer un plan de progression métier,Objectif passé complété.,completed,100,2023-04-16,2022-11-27T00:00:00+00:00
perf-obj-emp-80-current-0,emp-80,Fluidifier les rituels de collaboration,Objectif en cours du semestre.,planned,73,2026-08-15,2026-05-05T19:41:25.247303+00:00
perf-obj-emp-80-current-1,emp-80,Consolider les indicateurs de qualité de livraison,Objectif en cours du semestre.,planned,57,2026-09-21,2026-05-17T19:41:25.247321+00:00
perf-obj-emp-81-past-0,emp-81,Fluidifier les rituels de collaboration,Objectif passé complété.,completed,100,2026-01-22,2025-08-20T00:00:00+00:00
perf-obj-emp-81-past-1,emp-81,Monter en expertise sur le périmètre équipe,Objectif passé complété.,completed,100,2026-02-20,2025-12-06T00:00:00+00:00
perf-obj-emp-81-past-2,emp-81,Sécuriser les bonnes pratiques sécurité et RGPD,Objectif passé complété.,completed,100,2026-04-12,2025-11-08T00:00:00+00:00
perf-obj-emp-81-current-0,emp-81,Monter en expertise sur le périmètre équipe,Objectif en cours du semestre.,in_progress,83,2026-07-17,2026-04-17T19:41:25.247359+00:00
perf-obj-emp-81-current-1,emp-81,Partager les connaissances sur les projets actifs,Objectif en cours du semestre.,in_progress,23,2026-09-05,2026-04-28T19:41:25.247367+00:00
perf-obj-emp-82-past-0,emp-82,Améliorer la satisfaction client interne,Objectif passé complété.,completed,100,2026-06-22,2026-03-15T00:00:00+00:00
perf-obj-emp-82-past-1,emp-82,Réduire le temps de cycle sur les livrables,Objectif passé complété.,completed,100,2025-02-10,2024-11-03T00:00:00+00:00
perf-obj-emp-82-past-2,emp-82,Monter en expertise sur le périmètre équipe,Objectif passé complété.,completed,100,2026-06-13,2025-12-28T00:00:00+00:00
perf-obj-emp-82-past-3,emp-82,Sécuriser les bonnes pratiques sécurité et RGPD,Objectif passé complété.,completed,100,2025-11-27,2025-10-21T00:00:00+00:00
perf-obj-emp-82-current-0,emp-82,Améliorer la satisfaction client interne,Objectif en cours du semestre.,blocked,43,2026-11-13,2026-04-18T19:41:25.247416+00:00
perf-obj-emp-82-current-1,emp-82,Fluidifier les rituels de collaboration,Objectif en cours du semestre.,planned,59,2026-08-04,2026-05-07T19:41:25.247433+00:00
perf-obj-emp-83-past-0,emp-83,Consolider les indicateurs de qualité de livraison,Objectif passé complété.,completed,100,2026-05-08,2026-03-05T00:00:00+00:00
perf-obj-emp-83-past-1,emp-83,Consolider les indicateurs de qualité de livraison,Objectif passé complété.,completed,100,2025-02-03,2024-09-08T00:00:00+00:00
perf-obj-emp-83-past-2,emp-83,Structurer un plan de progression métier,Objectif passé complété.,completed,100,2025-01-13,2024-08-18T00:00:00+00:00
perf-obj-emp-83-current-0,emp-83,Réduire le temps de cycle sur les livrables,Objectif en cours du semestre.,in_progress,85,2026-11-12,2026-05-11T19:41:25.247471+00:00
perf-obj-emp-83-current-1,emp-83,Réduire le temps de cycle sur les livrables,Objectif en cours du semestre.,blocked,63,2026-10-02,2026-03-28T19:41:25.247479+00:00
perf-obj-emp-84-past-0,emp-84,Structurer un plan de progression métier,Objectif passé complété.,completed,100,2026-02-25,2025-10-20T00:00:00+00:00
perf-obj-emp-84-past-1,emp-84,Sécuriser les bonnes pratiques sécurité et RGPD,Objectif passé complété.,completed,100,2026-03-12,2025-12-26T00:00:00+00:00
perf-obj-emp-84-past-2,emp-84,Structurer un plan de progression métier,Objectif passé complété.,completed,100,2026-03-01,2025-10-18T00:00:00+00:00
perf-obj-emp-84-past-3,emp-84,Fluidifier les rituels de collaboration,Objectif passé complété.,completed,100,2025-12-12,2025-09-12T00:00:00+00:00
perf-obj-emp-84-current-0,emp-84,Consolider les indicateurs de qualité de livraison,Objectif en cours du semestre.,blocked,41,2026-10-19,2026-03-23T19:41:25.247522+00:00
perf-obj-emp-84-current-1,emp-84,Sécuriser les bonnes pratiques sécurité et RGPD,Objectif en cours du semestre.,planned,55,2026-10-31,2026-04-14T19:41:25.247530+00:00
perf-obj-emp-85-past-0,emp-85,Monter en expertise sur le périmètre équipe,Objectif passé complété.,completed,100,2026-05-09,2026-01-19T00:00:00+00:00
perf-obj-emp-85-past-1,emp-85,Réduire le temps de cycle sur les livrables,Objectif passé complété.,completed,100,2025-11-28,2025-08-12T00:00:00+00:00
perf-obj-emp-85-current-0,emp-85,Consolider les indicateurs de qualité de livraison,Objectif en cours du semestre.,in_progress,82,2026-11-10,2026-06-02T19:41:25.247557+00:00
perf-obj-emp-85-current-1,emp-85,Réduire le temps de cycle sur les livrables,Objectif en cours du semestre.,in_progress,77,2026-07-26,2026-05-03T19:41:25.247566+00:00
perf-obj-emp-86-past-0,emp-86,Structurer un plan de progression métier,Objectif passé complété.,completed,100,2024-03-05,2023-10-11T00:00:00+00:00
perf-obj-emp-86-past-1,emp-86,Réduire le temps de cycle sur les livrables,Objectif passé complété.,completed,100,2026-05-11,2026-03-15T00:00:00+00:00
perf-obj-emp-86-past-2,emp-86,Sécuriser les bonnes pratiques sécurité et RGPD,Objectif passé complété.,completed,100,2024-08-30,2024-03-04T00:00:00+00:00
perf-obj-emp-86-current-0,emp-86,Monter en expertise sur le périmètre équipe,Objectif en cours du semestre.,in_progress,53,2026-10-14,2026-05-26T19:41:25.247603+00:00
perf-obj-emp-86-current-1,emp-86,Partager les connaissances sur les projets actifs,Objectif en cours du semestre.,planned,68,2026-08-10,2026-04-16T19:41:25.247619+00:00
perf-obj-emp-87-past-0,emp-87,Réduire le temps de cycle sur les livrables,Objectif passé complété.,completed,100,2026-01-17,2025-08-07T00:00:00+00:00
perf-obj-emp-87-past-1,emp-87,Sécuriser les bonnes pratiques sécurité et RGPD,Objectif passé complété.,completed,100,2025-10-15,2025-05-16T00:00:00+00:00
perf-obj-emp-87-past-2,emp-87,Partager les connaissances sur les projets actifs,Objectif passé complété.,completed,100,2026-01-16,2025-09-05T00:00:00+00:00
perf-obj-emp-87-current-0,emp-87,Structurer un plan de progression métier,Objectif en cours du semestre.,planned,21,2026-10-29,2026-05-21T19:41:25.247735+00:00
perf-obj-emp-87-current-1,emp-87,Améliorer la satisfaction client interne,Objectif en cours du semestre.,in_progress,10,2026-10-21,2026-05-05T19:41:25.247801+00:00
perf-obj-emp-88-past-0,emp-88,Améliorer la satisfaction client interne,Objectif passé complété.,completed,100,2026-04-12,2025-10-19T00:00:00+00:00
perf-obj-emp-88-past-1,emp-88,Réduire le temps de cycle sur les livrables,Objectif passé complété.,completed,100,2026-02-05,2025-12-02T00:00:00+00:00
perf-obj-emp-88-past-2,emp-88,Consolider les indicateurs de qualité de livraison,Objectif passé complété.,completed,100,2026-03-28,2025-11-24T00:00:00+00:00
perf-obj-emp-88-past-3,emp-88,Réduire le temps de cycle sur les livrables,Objectif passé complété.,completed,100,2026-04-23,2025-10-29T00:00:00+00:00
perf-obj-emp-88-current-0,emp-88,Monter en expertise sur le périmètre équipe,Objectif en cours du semestre.,planned,36,2026-09-02,2026-05-25T19:41:25.250667+00:00
perf-obj-emp-88-current-1,emp-88,Monter en expertise sur le périmètre équipe,Objectif en cours du semestre.,planned,42,2026-10-11,2026-05-29T19:41:25.250711+00:00
perf-obj-emp-89-past-0,emp-89,Monter en expertise sur le périmètre équipe,Objectif passé complété.,completed,100,2026-01-12,2025-12-07T00:00:00+00:00
perf-obj-emp-89-past-1,emp-89,Améliorer la satisfaction client interne,Objectif passé complété.,completed,100,2024-11-08,2024-08-14T00:00:00+00:00
perf-obj-emp-89-current-0,emp-89,Structurer un plan de progression métier,Objectif en cours du semestre.,blocked,20,2026-10-11,2026-04-08T19:41:25.250843+00:00
perf-obj-emp-89-current-1,emp-89,Structurer un plan de progression métier,Objectif en cours du semestre.,planned,49,2026-08-09,2026-05-17T19:41:25.250867+00:00
perf-obj-emp-90-past-0,emp-90,Réduire le temps de cycle sur les livrables,Objectif passé complété.,completed,100,2026-04-15,2026-03-11T00:00:00+00:00
perf-obj-emp-90-past-1,emp-90,Fluidifier les rituels de collaboration,Objectif passé complété.,completed,100,2026-08-04,2026-03-21T00:00:00+00:00
perf-obj-emp-90-past-2,emp-90,Consolider les indicateurs de qualité de livraison,Objectif passé complété.,completed,100,2026-09-05,2026-03-14T00:00:00+00:00
perf-obj-emp-90-current-0,emp-90,Réduire le temps de cycle sur les livrables,Objectif en cours du semestre.,blocked,21,2026-09-22,2026-04-07T19:41:25.251018+00:00
perf-obj-emp-90-current-1,emp-90,Consolider les indicateurs de qualité de livraison,Objectif en cours du semestre.,in_progress,37,2026-09-02,2026-04-22T19:41:25.251042+00:00
perf-obj-emp-91-past-0,emp-91,Partager les connaissances sur les projets actifs,Objectif passé complété.,completed,100,2026-06-02,2026-02-23T00:00:00+00:00
perf-obj-emp-91-past-1,emp-91,Améliorer la satisfaction client interne,Objectif passé complété.,completed,100,2026-02-14,2025-10-16T00:00:00+00:00
perf-obj-emp-91-past-2,emp-91,Réduire le temps de cycle sur les livrables,Objectif passé complété.,completed,100,2026-06-24,2026-03-09T00:00:00+00:00
perf-obj-emp-91-current-0,emp-91,Consolider les indicateurs de qualité de livraison,Objectif en cours du semestre.,in_progress,33,2026-07-10,2026-04-02T19:41:25.251148+00:00
perf-obj-emp-91-current-1,emp-91,Partager les connaissances sur les projets actifs,Objectif en cours du semestre.,in_progress,71,2026-09-01,2026-03-25T19:41:25.251165+00:00
perf-obj-emp-92-past-0,emp-92,Fluidifier les rituels de collaboration,Objectif passé complété.,completed,100,2024-09-11,2024-07-22T00:00:00+00:00
perf-obj-emp-92-past-1,emp-92,Monter en expertise sur le périmètre équipe,Objectif passé complété.,completed,100,2024-12-04,2024-06-22T00:00:00+00:00
perf-obj-emp-92-past-2,emp-92,Partager les connaissances sur les projets actifs,Objectif passé complété.,completed,100,2025-12-19,2025-09-14T00:00:00+00:00
perf-obj-emp-92-current-0,emp-92,Consolider les indicateurs de qualité de livraison,Objectif en cours du semestre.,in_progress,22,2026-11-05,2026-05-29T19:41:25.251328+00:00
perf-obj-emp-92-current-1,emp-92,Sécuriser les bonnes pratiques sécurité et RGPD,Objectif en cours du semestre.,blocked,48,2026-08-03,2026-05-14T19:41:25.251346+00:00
perf-obj-emp-93-past-0,emp-93,Réduire le temps de cycle sur les livrables,Objectif passé complété.,completed,100,2026-05-26,2026-02-23T00:00:00+00:00
perf-obj-emp-93-past-1,emp-93,Réduire le temps de cycle sur les livrables,Objectif passé complété.,completed,100,2025-05-30,2025-02-03T00:00:00+00:00
perf-obj-emp-93-past-2,emp-93,Réduire le temps de cycle sur les livrables,Objectif passé complété.,completed,100,2025-06-02,2025-03-20T00:00:00+00:00
perf-obj-emp-93-current-0,emp-93,Sécuriser les bonnes pratiques sécurité et RGPD,Objectif en cours du semestre.,planned,13,2026-08-15,2026-03-24T19:41:25.251470+00:00
perf-obj-emp-93-current-1,emp-93,Monter en expertise sur le périmètre équipe,Objectif en cours du semestre.,planned,21,2026-10-18,2026-03-22T19:41:25.251490+00:00
perf-obj-emp-94-past-0,emp-94,Structurer un plan de progression métier,Objectif passé complété.,completed,100,2024-04-04,2023-10-25T00:00:00+00:00
perf-obj-emp-94-current-0,emp-94,Consolider les indicateurs de qualité de livraison,Objectif en cours du semestre.,blocked,53,2026-11-01,2026-04-26T19:41:25.251532+00:00
perf-obj-emp-94-current-1,emp-94,Structurer un plan de progression métier,Objectif en cours du semestre.,in_progress,32,2026-09-15,2026-04-30T19:41:25.251550+00:00
perf-obj-emp-95-past-0,emp-95,Consolider les indicateurs de qualité de livraison,Objectif passé complété.,completed,100,2026-03-17,2025-12-30T00:00:00+00:00
perf-obj-emp-95-past-1,emp-95,Réduire le temps de cycle sur les livrables,Objectif passé complété.,completed,100,2026-08-29,2026-03-04T00:00:00+00:00
perf-obj-emp-95-past-2,emp-95,Améliorer la satisfaction client interne,Objectif passé complété.,completed,100,2026-05-06,2026-03-18T00:00:00+00:00
perf-obj-emp-95-current-0,emp-95,Améliorer la satisfaction client interne,Objectif en cours du semestre.,planned,45,2026-10-15,2026-04-09T19:41:25.251645+00:00
perf-obj-emp-95-current-1,emp-95,Consolider les indicateurs de qualité de livraison,Objectif en cours du semestre.,planned,37,2026-09-29,2026-04-18T19:41:25.251664+00:00
perf-obj-emp-96-past-0,emp-96,Sécuriser les bonnes pratiques sécurité et RGPD,Objectif passé complété.,completed,100,2024-11-06,2024-08-20T00:00:00+00:00
perf-obj-emp-96-past-1,emp-96,Améliorer la satisfaction client interne,Objectif passé complété.,completed,100,2024-01-16,2023-09-17T00:00:00+00:00
perf-obj-emp-96-current-0,emp-96,Consolider les indicateurs de qualité de livraison,Objectif en cours du semestre.,blocked,24,2026-09-29,2026-04-22T19:41:25.251724+00:00
perf-obj-emp-96-current-1,emp-96,Structurer un plan de progression métier,Objectif en cours du semestre.,planned,13,2026-11-15,2026-04-28T19:41:25.251741+00:00
perf-obj-emp-97-past-0,emp-97,Monter en expertise sur le périmètre équipe,Objectif passé complété.,completed,100,2025-03-05,2024-09-17T00:00:00+00:00
perf-obj-emp-97-past-1,emp-97,Partager les connaissances sur les projets actifs,Objectif passé complété.,completed,100,2025-10-17,2025-05-11T00:00:00+00:00
perf-obj-emp-97-past-2,emp-97,Réduire le temps de cycle sur les livrables,Objectif passé complété.,completed,100,2025-03-11,2025-01-02T00:00:00+00:00
perf-obj-emp-97-current-0,emp-97,Structurer un plan de progression métier,Objectif en cours du semestre.,planned,48,2026-07-12,2026-04-06T19:41:25.251824+00:00
perf-obj-emp-97-current-1,emp-97,Monter en expertise sur le périmètre équipe,Objectif en cours du semestre.,in_progress,13,2026-08-01,2026-05-23T19:41:25.251841+00:00
perf-obj-emp-98-past-0,emp-98,Sécuriser les bonnes pratiques sécurité et RGPD,Objectif passé complété.,completed,100,2025-09-04,2025-04-26T00:00:00+00:00
perf-obj-emp-98-past-1,emp-98,Réduire le temps de cycle sur les livrables,Objectif passé complété.,completed,100,2025-02-26,2024-12-03T00:00:00+00:00
perf-obj-emp-98-current-0,emp-98,Consolider les indicateurs de qualité de livraison,Objectif en cours du semestre.,blocked,21,2026-09-29,2026-05-17T19:41:25.251897+00:00
perf-obj-emp-98-current-1,emp-98,Sécuriser les bonnes pratiques sécurité et RGPD,Objectif en cours du semestre.,in_progress,25,2026-07-15,2026-05-10T19:41:25.251916+00:00
perf-obj-emp-99-past-0,emp-99,Partager les connaissances sur les projets actifs,Objectif passé complété.,completed,100,2023-01-02,2022-11-10T00:00:00+00:00
perf-obj-emp-99-current-0,emp-99,Partager les connaissances sur les projets actifs,Objectif en cours du semestre.,in_progress,42,2026-09-06,2026-04-04T19:41:25.251961+00:00
perf-obj-emp-99-current-1,emp-99,Structurer un plan de progression métier,Objectif en cours du semestre.,in_progress,34,2026-10-11,2026-05-18T19:41:25.251977+00:00
perf-obj-emp-100-past-0,emp-100,Structurer un plan de progression métier,Objectif passé complété.,completed,100,2025-08-26,2025-03-04T00:00:00+00:00
perf-obj-emp-100-past-1,emp-100,Monter en expertise sur le périmètre équipe,Objectif passé complété.,completed,100,2026-07-06,2026-02-13T00:00:00+00:00
perf-obj-emp-100-past-2,emp-100,Consolider les indicateurs de qualité de livraison,Objectif passé complété.,completed,100,2025-11-19,2025-07-11T00:00:00+00:00
perf-obj-emp-100-past-3,emp-100,Réduire le temps de cycle sur les livrables,Objectif passé complété.,completed,100,2025-11-21,2025-07-27T00:00:00+00:00
perf-obj-emp-100-current-0,emp-100,Améliorer la satisfaction client interne,Objectif en cours du semestre.,planned,37,2026-10-31,2026-04-23T19:41:25.252084+00:00
perf-obj-emp-100-current-1,emp-100,Fluidifier les rituels de collaboration,Objectif en cours du semestre.,blocked,73,2026-11-08,2026-05-24T19:41:25.252104+00:00
